SMILES,label,influence
CCCCN1Cc2c(nc3cc(-c4ccco4)nn3c2O)C1=O,1.548,0.02294396422803402
Cc1cc(C)c2c(n1)sc1c2ncnc1N1CCN(C)CC1,2.568,-0.03297963738441467
COC(=O)[C@H]1[C@H]2CC[C@H](C[C@@H]1OC(=O)c1ccccc1)N2C,0.102,0.05317150801420212
Nc1nonc1/C(=N/O)Nc1ccc(F)c(Cl)c1,2.45,-0.04318646341562271
Cc1c[nH]c(/C=C2/C(=O)Nc3ccccc32)c1CCC(=O)O,1.04,-0.04634624719619751
COc1ccc2c3c1O[C@H]1[C@@H](O)C=C[C@@H]4[C@@H](C2)N(C)CC[C@]314,1.402,0.015041024424135685
NC(=O)c1cccc(O[C@@H]2C[C@H]3CC[C@@H](C2)N3Cc2ccccc2)n1,1.436,0.000718388007953763
CN1[C@@H]2CC[C@H]1C[C@@H](OC(=O)[C@H](CO)c1ccccc1)C2,-0.076,-0.0021422861609607935
C[C@H](COc1ccccc1)N[C@H](C)[C@@H](O)c1ccc(O)cc1,1.498,-0.027528008446097374
COc1ccc2c3c1O[C@@H]1[C@@H](O)C=C[C@@H]4[C@@H](C2)N(C)CC[C@]314,1.402,0.006432386115193367
C[C@@H](c1ncncc1F)[C@@](O)(Cn1cncn1)c1ccc(F)cc1F,1.754,0.0054250555112957954
N#C/N=C(\N)c1sc(Nc2ccccc2)nc1N,2.372,0.011260970495641232
N#C[C@@H]1CCCN1C(=O)CNC12C[C@H]3C[C@H](CC(O)(C3)C1)C2,0.01,0.006586550734937191
CN1CCN2c3ncccc3Cc3ccccc3[C@@H]2C1,1.906,0.0005703407805413008
CN1[C@@H]2CC[C@H]1C[C@@H](OC(=O)[C@@H](O)c1ccccc1)C2,0.352,-0.05849955603480339
CN1[C@H]2CC[C@H]1CC(OC(=O)[C@@H](O)c1ccccc1)C2,0.352,-0.04073294252157211
CN1[C@@H]2CC[C@H]1CC(OC(=O)[C@@H](CO)c1ccccc1)C2,-0.076,-0.0018400006229057908
CN1[C@@H]2CC[C@H]1C[C@@H](OC(=O)[C@H](O)c1ccccc1)C2,0.352,-0.06205841526389122
CC(C)C[C@H](N)c1nnc(S(=O)(=O)Cc2ccc(F)cc2)o1,1.848,-0.09367382526397705
C[C@H](CCc1ccccc1)NC[C@H](O)c1ccc(O)c(C(N)=O)c1,0.206,0.018829407170414925
O=C1CN(N=Cc2ccc(-c3ccc([N+](=O)[O-])cc3)o2)C(O)=N1,1.456,-0.038600534200668335
COc1ccccc1CNC(=O)c1ccc2cnccc2n1,2.204,-0.01373701449483633
C[C@H](Oc1c(Cl)cccc1Cl)C1=NCCN1,1.898,-0.07533048093318939
CC(C)c1ccc2oc3nc(N)c(C(=O)O)cc3c(=O)c2c1,0.68,-0.004759483505040407
O=S(=O)(Nc1nccs1)c1ccc(O)cc1,1.106,-0.06766611337661743
CCN(c1ccccc1)c1cc(NC)[n+](C)c(C)n1,1.956,-0.02365618571639061
N#Cc1ccc(C(c2ccc(C#N)cc2)n2cncn2)cc1,2.336,-0.027872715145349503
O=C(NC1CCCC1)[C@H]1CCCN(S(=O)(=O)c2cccs2)C1,1.642,0.009963600896298885
O=S(=O)(NC[C@@H](c1ccccc1)N1CCCC1)c1cccnc1,3.27,-0.09868794679641724
CN1[C@@H]2CC[C@@H]1C[C@@H](OC(=O)[C@H](CO)c1ccccc1)CC2,-0.076,0.004665767773985863
O=C(c1cc2cc(Cl)ccc2[nH]1)N1CCCNCC1,2.002,-0.05261998996138573
CCOc1ccc(NC(=O)C(=O)Nc2ccc(NC(C)=O)cc2)cc1,1.07,0.04205745458602905
CN1CCCN(C(=O)c2cc3ccccc3[nH]2)CC1,1.852,-0.017799735069274902
O=S(=O)(Nc1nccs1)c1ccc2c(c1)OCCO2,0.888,0.0021435392554849386
N[C@H]1CC[C@H](NC(=O)c2cc(-c3cccs3)on2)CC1,1.956,-0.019873693585395813
CC(=O)NC1CCC(NC(=O)c2cc(-c3cccs3)on2)CC1,2.276,-0.002762972377240658
NS(=O)(=O)c1ccc(CNc2ccccc2)cc1,2.332,-0.032926931977272034
C[C@H](C(=O)N1CCCc2ccccc2C1)N1C(=O)c2ccccc2C1=O,1.812,-0.004448775202035904
CS(=O)(=O)N1CC[C@H](NC(=O)NC23CC4CC(CC(C4)C2)C3)C1,0.28,0.0472181960940361
CCc1cc(Cl)c(OC)c(C(=O)NC[C@H]2CCCN2CC)c1O,0.06,0.03472597151994705
O=C(N[C@@H]1CC[C@H](CO)CC1)c1cc(-c2cccs2)on1,1.956,-0.0027523301541805267
CCc1c(C(=O)Nc2cc(C)on2)cnn1-c1ccccc1,2.806,0.003165964502841234
O=C(NC1CCC(=O)CC1)c1cc(-c2cccs2)on1,2.59,-0.013018464669585228
CCN1CCC[C@H]1CNC(=O)c1cc(S(C)(=O)=O)ccc1OC,-0.338,0.018990585580468178
O=C(O)[C@H]1Cc2c3ccccc3[nH]c2[C@@H](c2ccc(F)cc2)N1,1.662,-0.03204386681318283
COc1cccc(COC[C@@H](O)CN2CCC(C(=O)O)CC2)c1,0.744,-0.08585108816623688
O=C(C1CCC(=O)CC1)N1CC(=O)N2CCc3ccccc3[C@@H]2C1,2.006,-0.04852632060647011
O=C(c1ccccc1Cl)N1CCN(c2ccccn2)CC1,1.038,0.040199488401412964
COc1cc(Cc2cnc(N)nc2N)cc(Br)c1OC,1.776,-0.021555066108703613
O=C(N[C@H]1CC[C@H](NCCO)CC1)c1cc(-c2cccs2)on1,1.956,-0.018046297132968903
O=C(O)c1ccc(C(=O)CS(=O)(=O)c2ccccc2)cc1,2.208,-0.1854027360677719
COc1ccc(C(=O)Nc2cccc(C(N)=O)n2)cc1OC,3.228,-0.02932005375623703
CCc1cccc2c3c([nH]c21)[C@@](CC)(CC(N)=O)OCC3,1.08,0.011990666389465332
Cc1cc(CNC(=O)N2CCN(C(C)C)CC2)ccc1Cl,2.5,0.0038905476685613394
O=C(NC1CCS(=O)CC1)c1cc(-c2cccs2)on1,1.956,-0.005085261072963476
O=C(O)c1cc(-c2ccncc2)nc2ccccc21,1.448,-0.09833031892776489
O=C(NC[C@@H]1CCCCN1)c1cc(O)ccc1OCC(F)(F)F,2.178,-0.06567956507205963
O=C(NC[C@H]1CCCCN1)c1cc(O)ccc1OCC(F)(F)F,2.178,-0.06591983139514923
C[C@@H]1CN(C(=O)c2ccncc2)c2ccccc2NC1=O,1.008,0.027467628940939903
OC[C@H]1CC[C@H](Nc2ccc3nnc(-c4ccccc4)n3n2)CC1,3.426,-0.01192501187324524
Cc1sc2ncnc(SCC(=O)N3CCOCC3)c2c1C,2.64,-0.006630587391555309
O=C(NC1CC=CC1)c1cc(-c2cccs2)on1,1.956,0.005128980614244938
C[C@H](CC(=O)NCCNCc1ccccc1)[C@@H]1CCCO1,0.9,-0.008311225101351738
COc1ccc(-c2nc(N3CCCC3)nc(O)c2C#N)cc1,1.722,0.0254434235394001
COC(=O)c1ccc(C(=O)Nc2cc(OC)c(OC)c(OC)c2)cc1,2.934,-0.025723421946167946
COc1cc(/C=C2/SC(=S)NC2=O)ccc1C,1.902,-0.017164910212159157
C[C@@H](CC(=O)NCc1ccc(C(=O)O)cc1)[C@@H]1CCCO1,1.924,-0.12053696811199188
C[C@H](CC(=O)NCc1ccc(C(=O)O)cc1)[C@@H]1CCCO1,1.924,-0.1195753812789917
O=S(=O)(c1cccc(-c2cn3cccnc3n2)c1)N1CCCCC1,1.872,0.0036543316673487425
CCOc1ccc2nc(NC(=O)CNC)sc2c1,2.614,-0.03983156383037567
CC[C@H](C)NC[C@@H](O)COc1cccc2[nH]ccc21,0.638,0.021531976759433746
Cc1ccc2c(c1)C(=O)N([C@H](C)C(=O)N1CCc3ccccc3C1)C2=O,1.686,0.014446811750531197
C[C@@H](NC(=O)OC(C)(C)C)C(=O)N[C@H](Cc1ccccc1)C(=O)O,0.89,-0.07011789083480835
COc1cc(/C=C2\SC(=O)NC2=O)ccc1OC(C)C,1.902,-0.0033359751105308533
CC(C)[C@H](NC(=O)CCc1ccc(C(=O)O)cc1)C(=O)N1CCCC1,3.002,-0.1673191785812378
FC(F)(F)C(F)(F)c1nnc2ccc(-n3ccnc3)nn21,2.614,-0.01472655963152647
CC(C)[C@H](NC(=O)CCc1ccccc1)C(=O)N1CCOCC1,1.862,-0.008895527571439743
COc1cc(/C=C2/SC(=O)NC2=O)ccc1OC(C)C,1.902,-0.005696945358067751
CC(C)N1[C@H]2CC[C@H]1CC(OC(=O)[C@H](CO)c1ccccc1)C2,-0.076,0.020990874618291855
CCOCCOCc1ccc(OC[C@@H](O)CNC(C)C)cc1,0.376,-0.001755029195919633
COC(=O)N1CCN(C(=O)c2cc3cc(OC)ccc3[nH]2)CC1,2.2,-0.008292852900922298
O=C(NNC(=O)c1cc(-c2cccs2)on1)NC1CC1,1.956,-0.019435109570622444
COc1ccc(/C=C2\SC(=S)NC2=O)cc1OC(F)F,1.902,-0.005179246887564659
O=C(c1cccc(Cl)c1O)N1CCN(c2ccccn2)CC1,1.156,0.03820183873176575
O=C(COc1ccccc1O)NC1CCC(O)CC1,1.64,-0.048473335802555084
O=C(CNC(=O)c1ccccc1)NCCCCc1ccccc1,2.732,-0.007309467066079378
O=C(NCCCCc1ccccc1)c1ccncc1,2.712,-0.00022295078088063747
O=C(O)[C@@H]1[C@H](O)CC[C@@H]2CN3CCc4c5ccccc5[nH]c4[C@H]3C[C@H]21,1.334,-0.02970295399427414
O=S(=O)(NC[C@H](c1ccccc1)N1CCOCC1)c1cccnc1,3.27,-0.11085237562656403
O=S(=O)(NC[C@H](c1ccc(F)cc1)N1CCCC1)c1cccnc1,2.98,-0.05146178603172302
O=S(=O)(NC[C@@H](c1ccccc1)N1CCOCC1)c1cccnc1,3.27,-0.11807072162628174
COc1ccc(-c2nc(N3CCCCC3)nc(O)c2C#N)cc1,1.722,0.02165944129228592
C[C@H](C(=O)O)C(=O)Nc1ccc([N+](=O)[O-])c(C(F)(F)F)c1,1.7,-0.09783501923084259
CC(C)(C)OC(=O)N[C@H](Cc1ccccc1)C(N)=O,1.084,0.006414683070033789
CCCN(CCO)CC(=O)Nc1c(C#N)cnn1-c1ccccc1,0.98,0.006356614641845226
NC(=O)CN[C@H]1CC[C@H](NC(=O)c2cc(-c3cccs3)on2)CC1,1.358,-0.01073627918958664
CCOc1ccc2nc(NC(=S)NC(=O)CC)sc2c1,2.614,0.013395005837082863
O=C(N[C@H]1CC[C@H](O)CC1)N1CCN(c2ccccc2Cl)CC1,2.882,-0.03723006322979927
COc1cccc(COC[C@H](O)CN2CCC(CC(N)=O)CC2)c1,0.514,-0.0047782412730157375
COC(=O)c1cc([C@H](O)CN[C@@H](C)CCc2ccccc2)ccc1O,0.342,0.02443835511803627
CO[C@@H](C)C(=O)N[C@H]1CC[C@H](CNC(=O)c2cc(C)c(C)cn2)CC1,2.196,-0.018547087907791138
Cn1nnc(CNCC2CCN(C(=O)OCc3ccccc3)CC2)n1,2.372,-0.056251294910907745
CCO[C@@H]1C[C@@H]1NC(=O)NC[C@@H](c1ccc(OC)cc1)N1CCCC1,2.014,-0.01743101328611374
COc1ccc(COC[C@@H](O)CN2CC[C@@H](OC)C(C)(C)C2)cc1,1.008,0.009839245118200779
COCC[C@H](NC(=O)c1cc2cc(Cl)ccc2[nH]1)C(=O)O,3.456,-0.19332265853881836
O=C(N[C@@H]1CCCCN(C(=O)c2cc[n+]([O-])cc2)C1)c1ccccc1,1.626,0.009646013379096985
Cc1ccc(C(=O)NC[C@H]2CC[C@H](NC(=O)c3cn[nH]c3)CC2)cn1,2.21,-0.027998529374599457
Cc1cccnc1NC(=O)Nc1ccc(OC[C@H](O)CN(C)C)cc1,1.986,-0.07905742526054382
O=C(C#Cc1ccc2c(c1)OCO2)Nc1ccc(-n2ccnc2)nc1,3.134,-0.055650658905506134
O=C(N[C@H]1CCCNCC1)c1cc(Cl)nc(N2CCCC2)c1,1.71,-0.04054941236972809
COc1cc(CNC(=O)c2cnn[nH]2)ccc1OCc1cccnc1,2.208,-0.047458548098802567
NC[C@@H]1CCCN(C(=O)C(=O)Nc2cccc(Cl)c2)C1,2.848,-0.10824812948703766
O=C(N[C@H](CO)c1ccccc1)N[C@@H]1CCN(Cc2ccccc2)C1,1.448,-0.02425665222108364
O=C(NC1CC1)c1ccc(-c2ccc(CO)c(F)c2F)nc1,1.858,0.0007924510282464325
CCN(CC)[C@@H]1CCN(CCC(=O)NC(=O)NCc2ccccc2)C1,2.35,-0.1398797631263733
C=CCCC(=O)N1CCN(Cc2ccc(OC)c(Cl)c2)CC1,2.942,-0.0020401363726705313
C[C@H]1C[C@H]1Cc1nc(CC(=O)Nc2cccc3ncccc32)no1,2.234,-0.00046911544632166624
CCCN1CCC[C@H]1CNC(=O)C(=O)c1ccccc1OC,0.06,0.013930006884038448
CCn1ccc(CNCCCNC(=O)C[C@@H](C)[C@@H]2CCCO2)n1,1.734,-0.028318677097558975
COC(=O)c1n[nH]c(C)c1NC(=O)Cc1ccc2ccccc2c1,2.614,-0.00920199602842331
CC[C@H](C)C(=O)N[C@@H]1CCCN(C(=O)COCc2ccncc2)CC1,2.848,-0.033585380762815475
COc1ccc(N2CCCN(C(=O)[C@H]3CCC(=O)C[C@@H]3C)CC2)cc1,1.596,0.015696819871664047
O=C(c1cc[nH]n1)N1CC[C@@]2(CCN(Cc3ccccc3)C2)C1,0.75,0.006969908252358437
COCCC(=O)N[C@H]1CCN(CCc2ccccc2)C1,2.086,-0.01375601440668106
N[C@H]1CC[C@@H](C(=O)N[C@H]2CCCN(Cc3ccccc3)C2)CC1,1.94,-0.03672090545296669
Cc1ccnc(O[C@H]2CCN(Cc3cccc(C(N)=O)c3)C2)n1,1.378,-0.0012834112858399749
Cc1cc(NC(=O)c2ccc(C(F)(F)F)nc2C)c(C(=O)O)[nH]1,1.872,-0.10313892364501953
CN(C)C1(C(=O)N[C@@H]2CCN(Cc3ccccc3)C2)CCC1,1.54,-0.038800016045570374
COc1cccc(C(=O)NCCCN[C@@H](C)c2ncccn2)c1,2.966,-0.04034069553017616
Cc1noc([C@H]2CCCN(C(=O)c3ccc4[nH]ccc4c3)C2)n1,2.616,-0.005597460549324751
C[C@@H]1CCN(C(=O)C(=O)N[C@@H]2CCCN(C(=O)c3ccccc3)C2)C1,2.164,-0.019438844174146652
Cc1ccc(CS(=O)(=O)N2CCN(CCC(=O)O)C[C@H]2C)cc1,1.226,-0.15169064700603485
COc1cccc(C(=O)NCCOc2ncccc2Cl)c1,3.25,-0.008620311506092548
CCc1ccc(CN2CCC(N(C)C(=O)Cc3cnoc3)CC2)cc1,2.84,-0.007729013916105032
Nc1nccc(C(=O)NCC23CC4CC(CC(C4)C2)C3)c1[N+](=O)[O-],4.028,-0.009056114591658115
CN(C(=O)c1ccncc1)[C@H]1CCCN(C[C@@H]2CCCOC2)CC1,1.64,-0.028609903529286385
COCCOc1ccc(C(=O)Nc2ccc3c[nH]nc3c2)cc1,1.892,0.006714338902384043
CC(=O)Nc1nc(C)c(S(=O)(=O)Nc2cnn(C)c2C)s1,0.758,-0.0591503344476223
C[C@@H](CC(=O)NCC1(NCc2ccon2)CCCCC1)[C@@H]1CCCO1,1.248,-0.008732856251299381
COc1ccc(COC[C@@H](O)CN2CCC(OCC3CC3)CC2)cc1,1.086,0.00785253755748272
O=c1[nH]c2ccccc2n1CCCN1CCC[C@@H](CO)C1,2.252,-0.036680709570646286
CO[C@H]1CN(C(=O)c2cc(C3CC3)nc3ccc(C)cc32)CCO1,2.06,0.008742712438106537
CC(=O)Nc1ccc(NC(=O)NC[C@@H]2CCCN(C)C2)c(Cl)c1,1.714,-0.008464355953037739
COc1cccc(COC[C@@H](O)CN(C)CC2CCC2)c1,1.464,-0.0023904533591121435
COc1cccc(COC[C@H](O)CN[C@@H]2CCC2(C)C)c1,1.286,-0.0057489825412631035
O=C(Nc1ccnc(N2CCOCC2)c1)Nc1ccc(F)c(F)c1,2.662,0.00025825490592978895
CC[C@@H](F)CN(C)[C@@H]1CCN(C(=O)COCc2ccncc2)C1,2.778,-0.06400498002767563
Cc1conc1C(=O)N1CCC2(CN(C(=O)c3csc(C)n3)C2)C1,1.756,-0.013698139227926731
COc1cccc(C(=O)NCCCNc2nccnc2F)c1,2.412,-0.004421386867761612
CN(CCc1nc(-c2ccncc2)no1)C(=O)OC(C)(C)C,2.216,-0.024673301726579666
C=C(C)CCc1noc([C@@H]2CCCN(C(=O)c3ccncc3)C2)n1,1.964,0.0005241163307800889
CC[C@H]1CCCN(CCCn2c3ccccc3[nH]c2=O)C1,2.528,-0.0012619240442290902
Cc1[nH]nc(C(=O)N2CC3(C2)CCN(Cc2ccccc2)CC3)c1C,0.83,0.019594043493270874
N#Cc1cc(S(=O)(=O)NCC2(c3ccccc3)COC2)ccc1F,2.896,-0.00870576873421669
N#Cc1ccc(NC(=O)N2CCN(C[C@@H]3CCCO3)CC2)cc1,2.342,-0.026267416775226593
COc1cccc(NC(=O)CCN2CCC(C(N)=O)CC2)c1,1.254,-0.020146552473306656
O=C(N[C@H]1CCN(Cc2ccccc2)C1)[C@@H]1CCN1C1CCCC1,1.626,-0.02623698301613331
CN(C(=O)Cc1ccccc1)[C@H]1CCN(Cc2cn(C)nn2)C1,3.36,-0.0800292119383812
C[C@@H](C(=O)N[C@H]1CCN(C(=O)c2ccccc2F)C1)C1CCCC1,0.944,0.024312233552336693
Cc1cc(C#N)cc(C)c1C(=O)N[C@@H](Cc1ccccc1)C(=O)O,-0.072,0.01378133986145258
Cc1nnc(CN2CCC[C@H](N(C)C(=O)c3ccncc3)CC2)o1,1.712,-0.036923445761203766
O=C(N[C@H]1CCCN(Cc2ccccc2)C1)C1CCNCC1,2.084,-0.06936226040124893
C[C@@H](CC(=O)NC[C@H]1C[C@@H](Nc2cccc(F)n2)C1)[C@@H]1CCCO1,1.906,-0.010223768651485443
CC(F)(F)CCS(=O)(=O)N[C@H]1CCN(Cc2ccccc2)C1,2.326,-0.011684363707900047
CO[C@H](C)CN[C@H]1CCCN(C(=O)c2ccccc2)C1,1.546,-0.01036672480404377
Cc1ccnc(CN2CCC[C@@H](N(C)C(=O)c3ccncc3)CC2)n1,1.824,-0.011088153347373009
CC(=O)NC[C@H]1CC[C@H](NC(=O)c2ccc(-c3cnc[nH]3)cc2)CC1,1.468,-0.005845981650054455
COc1ccc(COC[C@H](O)CN2CCC[C@@H](CO)CC2)cc1,1.008,-0.0005333783337846398
CCOC(=O)c1nn(-c2ccc(C)cc2)c(=O)c2c(N)scc21,1.718,0.04592619463801384
C/C=C/C=C/C(=O)N[C@@H]1CCCN(C(=O)c2ccccc2)C1,2.242,0.0036947266198694706
C[C@@H](N[C@@H]1CN(C(=O)c2ccccc2)C[C@H]1C)C(=O)NC1CCCC1,1.426,-0.003025383921340108
C[C@@H](C(=O)N[C@H]1CCN(C(=O)c2ccnnc2)C1)C1CCCC1,1.014,-0.013696640729904175
COC(=O)[C@@H]1C[C@@H]1C(=O)N[C@H]1CCCN(C(=O)c2ccccc2)C1,1.522,-0.016752898693084717
C#C[C@H](CC)NC(=O)NC[C@H](c1ccc(OC)cc1)N1CCCCC1,1.564,0.008505481295287609
O=C(NCC1CC(NCc2ncccn2)C1)c1cccc2ccccc21,3.004,-0.01221051812171936
CN(C(=O)c1ccncc1)[C@H]1CCN(Cc2nnc(C3CC3)s2)C1,1.64,-0.02807784453034401
C[C@@H](C(=O)N[C@@H]1CCCN(C(=O)c2cncnc2)C1)C1CCCC1,0.592,0.007201505824923515
CC(C)Oc1cccc([C@@H](C)NC(=O)/C=C\CN2CCOCC2)c1,1.4,0.01908271387219429
CN(C(=O)Cc1ccc(Cl)cc1)C1CN(CC[C@@H]2CCOC2)C1,2.9,-0.02009669318795204
CN1CC[C@@H]2CN(CCc3ccc4c(c3)CCO4)C[C@@H]2C1,3.116,-0.03508196026086807
CCN(CCNC(=O)c1cc(F)ccc1OC)Cc1nccs1,0.058,0.032416511327028275
C=CCOC(=O)N1CCN(Cc2ccc(OC)c(Cl)c2)CC1,2.59,0.001765615539625287
COc1ccc(NC(=O)c2cnn(-c3ccccc3F)c2)cn1,3.076,-0.0039835418574512005
c1cncc(-c2ccnc(NCc3ccc4nonc4c3)n2)c1,1.722,0.015072138048708439
C=C(CC)CNC(=O)NC[C@@H](c1ccc(OC)cc1)N1CCOCC1,1.922,-0.0023436672054231167
CC(=O)Nc1ccc(CC(=O)N(C)C2CC(NC/C=C\Cl)C2)cc1,1.96,-0.007979484274983406
Cc1ccc(C(=O)N[C@H]2CC[C@H](CO)CC2)cc1-c1nn[nH]n1,2.024,-0.03816857933998108
O=C(Nc1ccc(-n2cccn2)c(F)c1)c1ccc(-n2ccnc2)nc1,2.69,-0.040505483746528625
CO[C@@H](C)CN[C@H]1CCCN(C(=O)c2ccccc2)C1,1.546,-0.013530278578400612
COC(=O)C[C@H]1CCN(C(=O)Nc2cccc(Cl)c2)C1,2.196,0.0023633406963199377
CN(C(=O)Cc1ccccc1)[C@@H]1CCN(CCc2ccnn2C)C1,3.14,-0.059474341571331024
O=C(COCc1ccncc1)N1CC[C@@H]2[C@H](CCN2C/C=C/Cl)C1,2.896,-0.04273943230509758
CSc1ccc(NC(=O)c2ccc(N3CCOCC3)nc2)cn1,3.004,-0.006997821852564812
CCc1ccc(CCN2CCC[C@@H](NC(=O)CN3CCCC3)C2)cc1,2.25,-0.01870792917907238
N#Cc1ccc(NCc2nc(-c3ccc(-n4ccnc4)nc3)no2)cc1,2.06,-0.0037503985222429037
O=C(N[C@@H]1CCCNC1)c1ccc(F)cc1OC(F)F,1.462,-0.03180146589875221
Cc1nc(C(=O)N2CCC3(CN(C(=O)[C@H]4CC4(F)F)C3)C2)cs1,1.756,-0.007226711604744196
COc1cccc(OC[C@H](O)CN2CC[C@H](C)[C@@H](CN)CC2)c1,0.42,-0.020346282050013542
COc1cccc(C(=O)NCCCNc2cc(C)ncn2)c1,3.33,-0.031224582344293594
C[C@@H](CC(=O)NCC1(NC(=O)c2ccnn2C)CCC1)[C@H]1CCCO1,1.15,-0.011881379410624504
COC(=O)c1ccc(NC(=O)c2cc(OC)c(O)c(OC)c2)cc1,2.25,-0.010486681945621967
CC(=O)Nc1sc(-c2ccccc2)cc1C(N)=O,2.614,-0.01087894570082426
CCCN(CCC#N)S(=O)(=O)c1ccc(C(=O)O)cc1,1.322,-0.1462325155735016
O=C(OCCN1CCOCC1)c1c[nH]c2ccccc21,-0.034,0.03417542576789856
C[C@H](C[C@H](C)O)NC[C@@H](O)COc1cccc2[nH]ccc21,0.638,0.007352928631007671
COC[C@H](C)NC[C@@H](O)COc1cccc2[nH]ccc21,0.488,0.01808640919625759
Cc1ccc(-c2csc(NC(=O)CSCC(=O)O)n2)cc1,2.48,-0.15506857633590698
CC(=O)[C@@H]1[C@H]2CC[C@H](C[C@H]1OC(=O)c1ccccc1)N2C,0.102,0.04628453403711319
O=C(CN1CCC(C2CC2)CC1)Nc1ccc2c(c1)OCO2,1.27,0.020065709948539734
COc1ccc(S(=O)(=O)Nc2cc(OC)nc(OC)n2)cc1,-0.03,0.06493213027715683
COc1ccc(S(=O)(=O)Nc2ncnc(OC)c2OC)cc1,-0.11,0.06718279421329498
COC(=O)[C@H]1[C@H]2CC[C@H](C[C@H]1OC(=O)c1cccc(O)c1)N2C,0.102,0.027305232360959053
COC(=O)[C@@H]1[C@H]2CC[C@H](C[C@H]1OC(=O)c1cccc(O)c1)N2C,0.102,0.023489894345402718
CN1CCOc2cc(COCc3ccccc3)cnc21,3.06,-0.0006392726209014654
CCC(CC)NC[C@@H](O)COc1cccc2[nH]ccc21,0.488,0.02865269035100937
COc1ccc([C@H]2N[C@@H](C(=O)O)Cc3c4ccccc4[nH]c32)cc1,1.522,-0.06869326531887054
CN(C)c1ccc([C@@H]2N[C@H](C(=O)O)Cc3c4ccccc4[nH]c32)cc1,1.224,-0.08969533443450928
O=C(O)[C@H]1Cc2c3ccccc3[nH]c2[C@@H](c2cccnc2)N1,1.124,-0.08622028678655624
C=CCc1ccccc1OC[C@@H](O)CN[C@H](C)COC,0.71,0.0070020053535699844
CN(C)c1ccc([C@@H]2N[C@@H](C(=O)O)Cc3c4ccccc4[nH]c32)cc1,1.224,-0.09266108274459839
O=C(O)[C@@H]1Cc2c3ccccc3[nH]c2[C@@H](c2cccnc2)N1,1.124,-0.08877323567867279
CC(C)[C@H](NC(=O)CCc1ccc(F)cc1)C(=O)N1CCCC1,2.198,0.005343860946595669
CCCOCCOCc1ccc(OC[C@@H](O)CNC(C)C)cc1,0.376,-0.00043481873581185937
Cc1ccc(C(=O)CN2c3ccccc3N3CCN=C23)cc1,2.41,-0.044438596814870834
O=C(COc1ccccc1O)NC1CCOCC1,1.216,-0.02897738479077816
O=C(COc1ccccc1O)NC1CCSCC1,1.566,0.0005482826963998377
CN1CCCN(c2ccc3nnc(C(F)(F)F)n3n2)CC1,3.132,-0.08322460204362869
NCCO/N=C(\CCCCO)c1ccc(C(F)(F)F)cc1,1.572,-0.004373924341052771
Cc1c(N)cccc1NC(=O)c1ccc(N2CCOCC2)cc1,1.368,0.009231665171682835
O=C(N[C@H]1C[C@H](C(=O)O)C1)c1cc(-c2cccs2)on1,2.92,-0.14503274857997894
COC(=O)COc1ccc(C)cc1-n1nc2ccccc2n1,1.126,0.055317364633083344
O=C(Oc1ccc(C(=O)c2ccccc2)cc1)N1CCOCC1,1.842,0.0037156492471694946
NC(=O)c1ccc(C(=O)NCCCCCc2ccccc2)cc1,1.828,0.011879363097250462
O=C(N[C@H]1CC[C@H](CNCCO)CC1)c1cc(-c2cccs2)on1,2.168,-0.024207821115851402
CCN1CCC2(CN(C(=O)c3cc4cc(F)ccc4[nH]3)C2)CC1,2.312,-0.008148313499987125
O=C(O)CSCC(=O)Nc1nc(-c2ccc(F)c(F)c2)cs1,2.464,-0.09724707901477814
C#CCN[C@H]1CC[C@H](NC(=O)c2cc(-c3cccs3)on2)CC1,1.956,0.00798378512263298
COc1cc(/C=C2\SC(=O)NC2=O)ccc1F,1.902,-0.00990751851350069
CC(C)(C)OC(=O)N[C@H](Cc1ccc(Cl)cc1)C(=O)O,0.068,0.022805124521255493
COc1ccc(/C=C2\SC(=O)NC2=O)cc1Cl,1.902,-0.005077464506030083
N[C@H]1CC[C@@H](C(=O)N2CCC(C(=O)c3ccc(Cl)cc3)CC2)C1,3.266,-0.10681214183568954
N[C@@H]1CC[C@@H](C(=O)N2CCC(C(=O)c3ccc(Cl)cc3)CC2)C1,3.266,-0.11277221888303757
O=C(NCCN1CCC1)C(c1ccccc1)c1ccccc1,2.318,-0.049838293343782425
NC(=O)[C@@H](Nc1ccc2c(c1)CCC2)c1ccccc1,2.346,-0.0053395736031234264
CCC[C@H](C)NC[C@@H](O)COc1cccc2[nH]ccc21,0.638,0.022599995136260986
COc1ccc2[nH]c(C(=O)N3CCC4(CN(C)C4)CC3)cc2c1,2.2,-0.013026684522628784
CC[C@@H](C)[C@H](C)NC[C@H](O)COc1cccc2[nH]ccc21,0.638,0.036348484456539154
CCOc1ccc2nc(NC(=O)CNC(=O)O)sc2c1,2.614,-0.1250510811805725
C#C[C@H](C)NC[C@H](O)COc1cccc2[nH]ccc21,0.638,0.026927964761853218
O=C(N[C@@H]1CCCN(S(=O)(=O)c2cccs2)C1)C1CC=CC1,1.544,0.001009128987789154
CNC[C@H](O)[C@H](C)C(=O)Nc1nc2ccc(OC)cc2s1,2.642,-0.033589836210012436
CCN1CCC[C@H]1CNC(=O)c1ccc(C(=O)OC)nc1,0.06,-0.03438936546444893
CCN1CCOC[C@H]1CNC(=O)c1cccc(OC)c1OC,0.728,-0.01899733394384384
COCC(=O)NC[C@H]1CC[C@H](NC(=O)c2ccc(C)c(F)c2)CC1,2.826,-0.02250685915350914
C[C@H](C(=O)N[C@@H]1CCCN(S(C)(=O)=O)C1)c1ccccc1,0.374,0.040549859404563904
CC(C)c1c(C(=O)N[C@H]2CC[S@@](=O)C2)cnn1-c1ccccc1,0.618,0.0319153293967247
CC(=O)N1CCC[C@@H](C(=O)Nc2cccc3cccnc32)C1,3.084,-0.02396322786808014
O=C(NC1[C@H]2CNC[C@H]12)N[C@@H]1CCCN(Cc2ccccc2)C1,1.626,-0.03891041874885559
O=C(Nc1ccc2c(c1)C(=O)NCC2)N1CCN(CC2CC2)CC1,2.378,-0.055868301540613174
CO[C@H]1Cc2ccc(NC(=O)c3ccc(-n4ccnc4)nc3)cc2C1,2.426,0.004186306614428759
O=C([C@H]1CCCCS1)N1CCC(n2c(=O)[nH]c3ccccc32)CC1,2.54,-0.011444130912423134
Cc1ccc(F)cc1S(=O)(=O)N[C@H]1CCN2CCC[C@@H]2C1,2.218,-0.004413244780153036
O=C(Nc1ccc2ncccc2c1)c1ccc2[nH]c(=O)[nH]c2c1,2.318,-0.007617519237101078
O=C([C@H]1CCCNC1)N1CCC(n2c(=O)[nH]c3ccccc32)CC1,2.564,-0.10570310056209564
C=CCc1ccccc1OC[C@H](O)CN[C@H]1CCN(C(=O)NCC)C1,0.584,0.012446900829672813
O=C(Nc1cccc2cccnc21)[C@H]1CCn2ccnc2C1,2.698,-0.009332205168902874
Cc1nc(C(=O)N2CCC3(CN(C(=O)[C@@H](C)C4CC4)C3)C2)cs1,1.954,-0.0031341041903942823
Cc1cc(NC(=O)C(F)(F)F)ccc1N1CCOCC1,0.982,0.04413403943181038
CN(C(=O)Cc1ccccc1)[C@H]1CCN(CC[C@H]2CCCO2)C1,3.14,-0.046480268239974976
CNC(=O)c1ccc(Nc2cnc(OC)c(C)c2)cc1F,3.182,-0.016254939138889313
CC(=O)N1CCC[C@@H](CN2CCN(c3cccc(Cl)c3)CC2)C1,2.59,-0.029724523425102234
COC[C@@H](NC(=O)c1cc2ccsc2[nH]1)c1ccco1,3.098,-0.01227226946502924
O=C(c1cccc(C#CCO)c1)N1CCC(Nc2ccccn2)CC1,1.862,-0.03337448090314865
N#Cc1ccc(N2CC[C@@H](NC(=O)c3ccccc3)C2)nc1,2.334,-0.006725037004798651
COc1ccc2[nH]nc(NC(=O)COc3ccccc3C)c2c1,2.224,0.01656537503004074
COc1cccc(C(=O)N2CCC(NC(=O)OC3CCCC3)CC2)c1,2.79,0.002524570794776082
COCCCCN1CCN(C(=O)Nc2cccc(Cl)c2)CC1,2.404,-0.008516429923474789
Cc1ccc(C(=O)N2C[C@H](C)C[C@H](C)C2)cc1NC(=O)CO,1.988,-0.04785054177045822
O=C(COCc1ccccn1)N1CCC([C@@H]2CCCN2)CC1,2.162,-0.09266558289527893
COCc1ncsc1C(=O)N1CCC(Nc2ccccn2)CC1,1.862,-0.007905536331236362
CCC(=O)N1CC[C@@H](NC(=O)[C@@H](c2ccccc2)C2CC2)C1,1.314,0.009193414822220802
CNC(=O)c1ccccc1NC(=O)/C=C\c1ccc(OC)c(OC)c1,2.488,-0.006841912399977446
CC#CCNC(=O)N[C@@H]1CCCN(C(=O)c2ccccc2)C1,2.242,0.0012380453990772367
Cc1nc(C(=O)N2CC[C@]3(CCN(C(=O)[C@H]4CC45CC5)C3)C2)cs1,1.756,-0.0047926511615514755
CCNC(=O)CCC(=O)N[C@@H]1CCN(CCc2ccccc2)C1,2.086,-0.015456336550414562
COc1ccc(N2CC[C@H](CNC(=O)[C@H]3CCC[C@@H]3C(=O)O)C2)cc1,1.588,-0.08320830017328262
CCOc1cc(C(=O)N2CCC(Nc3cc(C)ncn3)CC2)ccn1,2.374,-0.000947039108723402
CCOc1ccc(C(=O)N[C@@H]2CCS(=O)(=O)C2)cc1,1.618,0.012512716464698315
Cc1[nH]c2ccccc2c1CCNC(=O)NCc1cnn(C)c1,0.894,0.016758166253566742
CC(=O)Nc1ccc(CC(=O)N(C)C2CC(NC/C=C/Cl)C2)cc1,1.96,-0.011100362986326218
CC(C)CCN1CCC(N(C)C(=O)c2cccn3ccnc23)CC1,3.24,-0.020382098853588104
COc1ccc(CC(=O)N(CCO)[C@H](C)c2ccccc2)cc1OC,1.508,0.015099478885531425
O=C(COc1ccc(Cl)cc1)N1CC[C@H](CNc2ncccn2)C1,2.23,0.002420073375105858
CCN1CCN(Cc2ccc(C(=O)Nc3ncccn3)cc2)CC1,1.958,-0.030252918601036072
C[C@H](CC(=O)NCC1(NC(=O)Cc2ccon2)CCC1)[C@@H]1CCCO1,1.248,-0.00314186979085207
O=C(N[C@@H]1CCCCCN(C(=O)c2ccccc2)C1)C1CCOCC1,1.554,0.0038778656162321568
CO[C@@H](C)CCC(=O)N[C@@H]1CCN(C(=O)c2ccccc2)C1,1.898,-0.017148496583104134
C[C@H](NC(=O)N1CCOC[C@@H]1C)c1cccc(N2CCCC2)c1,0.806,0.026787763461470604
CCN(C(=O)Cc1ccc(C)cc1)[C@H]1CCN(CCO)C1,2.822,-0.05810942500829697
Cc1sc2ncnc(SCC(=O)N[C@@H]3C[C@H]4CC[C@@H]3O4)c2c1C,2.322,0.013525398448109627
