id,stage,kind,host,gpu,split_seed,init_seed,epochs,lr,batch_size,patience,save_checkpoint,best_val_mse,best_epoch,epochs_ran,train_seconds,test_mse,test_mae,test_r2,trainable_params,total_params,n_train,n_external,wall_seconds,status,influence_scope,lissa_scale,lissa_damping,lissa_depth,converged,influence_mean,influence_std,influence_min,influence_max,scores_path,external_index,train_subset,val_mse_without,val_mse_with,loo_delta,strategy,fraction,weight_decay,dropout,n_combined,method,model_name,revision
b102470a67ffa3df,B,baseline,bio21,NVIDIA GeForce RTX 2060 SUPER,0,8,20,3e-05,64,3,False,0.41595969596897103,9,12,256.71766352653503,0.45184335847883134,0.5177593170027692,0.6883230547706927,44375809,44375809,2940,0,263.8,ok,,,,,,,,,,,,,,,,,,,,,,,
74a38b79f39bf4f5,B,baseline,bio21,NVIDIA GeForce RTX 2060 SUPER,2,5,20,3e-05,64,3,False,0.4458617246043237,9,12,259.10670804977417,0.5245890646216532,0.5556179785524451,0.6427697975313529,44375809,44375809,2940,0,266.08,ok,,,,,,,,,,,,,,,,,,,,,,,
29f0e5bbe03d4ec9,B,baseline,bio21,NVIDIA GeForce RTX 2060 SUPER,3,0,20,3e-05,64,3,True,0.43038641693824076,11,14,304.09384655952454,0.4537653257708072,0.5161617899757056,0.6972680489327763,44375809,44375809,2940,0,311.25,ok,,,,,,,,,,,,,,,,,,,,,,,
62445a8a35604bbb,B,baseline,bio21,NVIDIA GeForce RTX 2060 SUPER,3,9,20,3e-05,64,3,False,0.4579597713797439,11,14,304.2410054206848,0.42893996451438837,0.48753412176322725,0.7138304207630564,44375809,44375809,2940,0,311.2,ok,,,,,,,,,,,,,,,,,,,,,,,
d524381d2024426b,B,baseline,bio21,NVIDIA GeForce RTX 2060 SUPER,5,8,20,3e-05,64,3,False,0.48151158500249297,4,7,152.08293056488037,0.5270697353463175,0.5571998294293216,0.6340502640482614,44375809,44375809,2940,0,158.7,ok,,,,,,,,,,,,,,,,,,,,,,,
650933e805570cab,B,baseline,bio21,NVIDIA GeForce RTX 2060 SUPER,6,7,20,3e-05,64,3,False,0.44456727329956525,18,20,434.30983114242554,0.4375430982112508,0.4908351766211646,0.6920722993197332,44375809,44375809,2940,0,439.05,ok,,,,,,,,,,,,,,,,,,,,,,,
4ce95b52402da0ca,B,baseline,bio21,NVIDIA GeForce RTX 2060 SUPER,8,2,20,3e-05,64,3,False,0.4709377550606762,5,8,173.9102337360382,0.508698510952082,0.5435340949001589,0.6529556070617053,44375809,44375809,2940,0,178.72,ok,,,,,,,,,,,,,,,,,,,,,,,
7d6a2971a2a84437,B,baseline,bio21,NVIDIA GeForce RTX 2060 SUPER,9,6,20,3e-05,64,3,False,0.38438230763068615,13,16,347.402770280838,0.4834348609207138,0.5229855574401362,0.6662030431125712,44375809,44375809,2940,0,352.38,ok,,,,,,,,,,,,,,,,,,,,,,,
bf28c4910b019b15,B,baseline,bio21,NVIDIA GeForce RTX 2060 SUPER,9,9,20,3e-05,64,3,False,0.39716828660353487,12,15,325.76797127723694,0.4620670385237681,0.5135538205681812,0.6809568696732529,44375809,44375809,2940,0,333.06,ok,,,,,,,,,,,,,,,,,,,,,,,
f27925ad19c29164,C1,lissa_sensitivity,bio21,NVIDIA GeForce RTX 2060 SUPER,0,0,,,,,,,,,,,,,,,,,12.17,ok,head,1000000.0,0.0,50,True,0.0007656004417958684,0.0029087611218274884,-0.008308352902531624,0.008029120974242687,/scratch/mdra00001/nnti-artifacts/influence/f27925ad19c29164.csv,,,,,,,,,,,,,
bec4e32607a7a82a,C1,lissa_sensitivity,bio21,NVIDIA GeForce RTX 2060 SUPER,1,0,,,,,,,,,,,,,,,,,11.91,ok,head,10000.0,0.01,50,True,0.00884370847394166,0.06750815797531409,-0.2788001298904419,0.13249461352825165,/scratch/mdra00001/nnti-artifacts/influence/bec4e32607a7a82a.csv,,,,,,,,,,,,,
f9bbe6976e66e3fc,C1,lissa_sensitivity,bio21,NVIDIA GeForce RTX 2060 SUPER,2,0,,,,,,,,,,,,,,,,,15.49,ok,head,1000.0,0.01,200,True,0.02001260558293628,0.225853308352265,-1.1113771200180054,0.7091944813728333,/scratch/mdra00001/nnti-artifacts/influence/f9bbe6976e66e3fc.csv,,,,,,,,,,,,,
31b196be87743a67,C1,lissa_sensitivity,bio21,NVIDIA GeForce RTX 2060 SUPER,3,0,,,,,,,,,,,,,,,,,10.32,ok,head,10000.0,0.01,50,True,-0.008128242604864984,0.02484057240006253,-0.17417432367801666,0.041330486536026,/scratch/mdra00001/nnti-artifacts/influence/31b196be87743a67.csv,,,,,,,,,,,,,
4c210587d84b7836,C1,lissa_sensitivity,bio21,NVIDIA GeForce RTX 2060 SUPER,3,0,,,,,,,,,,,,,,,,,14.1,ok,head,1000000.0,0.0,200,True,-0.00023063338402058283,0.0013328525536064314,-0.006097082979977131,0.003107888624072075,/scratch/mdra00001/nnti-artifacts/influence/4c210587d84b7836.csv,,,,,,,,,,,,,
c5df83e4e0c7c58c,C1,lissa_sensitivity,bio21,NVIDIA GeForce RTX 2060 SUPER,3,0,,,,,,,,,,,,,,,,,25.7,ok,all,1000.0,0.01,50,True,-0.10442196822628223,0.30336715259830294,-1.7763068675994873,0.5169844627380371,/scratch/mdra00001/nnti-artifacts/influence/c5df83e4e0c7c58c.csv,,,,,,,,,,,,,
20dc37af074c97bb,C1,lissa_sensitivity,bio21,NVIDIA GeForce RTX 2060 SUPER,3,0,,,,,,,,,,,,,,,,,27.31,ok,all,1000000.0,0.01,50,True,-0.00014209779300813352,0.0005226060569210186,-0.0033943478483706713,0.0012021034490317106,/scratch/mdra00001/nnti-artifacts/influence/20dc37af074c97bb.csv,,,,,,,,,,,,,
880a692daf8cceed,C1,lissa_sensitivity,bio21,NVIDIA GeForce RTX 2060 SUPER,4,0,,,,,,,,,,,,,,,,,14.18,ok,head,100000.0,0.01,200,True,-0.004876958869657149,0.010447588638894438,-0.0488700345158577,0.012146152555942535,/scratch/mdra00001/nnti-artifacts/influence/880a692daf8cceed.csv,,,,,,,,,,,,,
dcec959461c8c8bd,C1,lissa_sensitivity,bio21,NVIDIA GeForce RTX 2060 SUPER,4,0,,,,,,,,,,,,,,,,,26.25,ok,all,1000.0,0.0,50,True,-0.015713398448812466,0.22704243958839868,-1.2289156913757324,0.8565219044685364,/scratch/mdra00001/nnti-artifacts/influence/dcec959461c8c8bd.csv,,,,,,,,,,,,,
c6ebd11683c1b295,C1,lissa_sensitivity,bio21,NVIDIA GeForce RTX 2060 SUPER,4,0,,,,,,,,,,,,,,,,,27.68,ok,all,100000.0,0.01,50,True,-0.005611612376093642,0.012438666627200813,-0.04880870506167412,0.02317700907588005,/scratch/mdra00001/nnti-artifacts/influence/c6ebd11683c1b295.csv,,,,,,,,,,,,,
8fb56983179b9db4,C2,loo,bio21,NVIDIA GeForce RTX 2060 SUPER,0,3,5,2e-05,32,5,,,,,,,,,,,500,,53.74,ok,,,,,,,,,,,0,500,0.39731708567432605,0.3872279896240076,-0.010089096050318436,,,,,,,,
326d8600055bddbe,C2,loo,bio21,NVIDIA GeForce RTX 2060 SUPER,1,2,5,2e-05,32,5,,,,,,,,,,,500,,54.81,ok,,,,,,,,,,,0,500,0.3797748266709715,0.39357634487376675,0.013801518202795238,,,,,,,,
6fb61dd7270629da,C2,loo,bio21,NVIDIA GeForce RTX 2060 SUPER,2,0,5,2e-05,32,5,,,,,,,,,,,500,,55.54,ok,,,,,,,,,,,0,500,0.5328440033978762,0.5925362044519359,0.0596922010540597,,,,,,,,
be06ad59b618c0f6,C2,loo,bio21,NVIDIA GeForce RTX 2060 SUPER,2,2,5,2e-05,32,5,,,,,,,,,,,500,,53.99,ok,,,,,,,,,,,0,500,0.5519434496101565,0.5328033241332142,-0.019140125476942327,,,,,,,,
f659cf8a7b979d54,C2,loo,bio21,NVIDIA GeForce RTX 2060 SUPER,4,1,5,2e-05,32,5,,,,,,,,,,,500,,55.82,ok,,,,,,,,,,,0,500,0.4535583099433446,0.44930927434921786,-0.00424903559412676,,,,,,,,
563e241d6dc5dc1b,C2,loo,bio21,NVIDIA GeForce RTX 2060 SUPER,3,3,5,2e-05,32,5,,,,,,,,,,,500,,54.68,ok,,,,,,,,,,,1,500,0.45944524584920415,0.4599685089819546,0.0005232631327504733,,,,,,,,
97ebf43eb7a2203a,C2,loo,bio21,NVIDIA GeForce RTX 2060 SUPER,3,1,5,2e-05,32,5,,,,,,,,,,,500,,54.93,ok,,,,,,,,,,,3,500,0.4367970498445135,0.4544949216785732,0.017697871834059686,,,,,,,,
10d5ab56208767d7,C2,loo,bio21,NVIDIA GeForce RTX 2060 SUPER,2,3,5,2e-05,32,5,,,,,,,,,,,500,,56.09,ok,,,,,,,,,,,4,500,0.552409223976177,0.552486599244867,7.737526869000533e-05,,,,,,,,
d8736295e03efb6e,C2,loo,bio21,NVIDIA GeForce RTX 2060 SUPER,4,1,5,2e-05,32,5,,,,,,,,,,,500,,30.37,ok,,,,,,,,,,,4,500,0.4535583099433446,0.4497380916965889,-0.0038202182467557133,,,,,,,,
687403315db916c7,C2,loo,bio21,NVIDIA GeForce RTX 2060 SUPER,0,1,5,2e-05,32,5,,,,,,,,,,,500,,54.16,ok,,,,,,,,,,,5,500,0.39000467792392707,0.38986342689070874,-0.00014125103321832588,,,,,,,,
d326dc5b41f62a45,C2,loo,bio21,NVIDIA GeForce RTX 2060 SUPER,3,2,5,2e-05,32,5,,,,,,,,,,,500,,54.97,ok,,,,,,,,,,,6,500,0.45065875637527963,0.44474393562060965,-0.0059148207546699805,,,,,,,,
0dbad9fbc77a00ad,C2,loo,bio21,NVIDIA GeForce RTX 2060 SUPER,2,2,5,2e-05,32,5,,,,,,,,,,,500,,30.29,ok,,,,,,,,,,,7,500,0.5519434496101565,0.5331720994381338,-0.018771350172022694,,,,,,,,
e8a34b85b19c49e0,C2,loo,bio21,NVIDIA GeForce RTX 2060 SUPER,0,2,5,2e-05,32,5,,,,,,,,,,,500,,56.28,ok,,,,,,,,,,,9,500,0.4026885218268407,0.3899687023817221,-0.012719819445118574,,,,,,,,
a48c071b46056eff,C2,loo,bio21,NVIDIA GeForce RTX 2060 SUPER,1,0,5,2e-05,32,5,,,,,,,,,,,500,,54.5,ok,,,,,,,,,,,9,500,0.41562414180701224,0.4139903773219,-0.0016337644851122102,,,,,,,,
753e479744db6596,C2,loo,bio21,NVIDIA GeForce RTX 2060 SUPER,4,3,5,2e-05,32,5,,,,,,,,,,,500,,54.36,ok,,,,,,,,,,,9,500,0.4290654030113664,0.43640204028739904,0.00733663727603262,,,,,,,,
ea92e24faf50fbf9,C2,loo,bio21,NVIDIA GeForce RTX 2060 SUPER,0,0,5,2e-05,32,5,,,,,,,,,,,500,,56.06,ok,,,,,,,,,,,10,500,0.40417123563983554,0.3960597115933872,-0.008111524046448326,,,,,,,,
736824de06cf4851,C2,loo,bio21,NVIDIA GeForce RTX 2060 SUPER,1,0,5,2e-05,32,5,,,,,,,,,,,500,,28.45,ok,,,,,,,,,,,10,500,0.41562414180701224,0.41247664380752946,-0.0031474979994827734,,,,,,,,
a72e3487fbd646df,C2,loo,bio21,NVIDIA GeForce RTX 2060 SUPER,2,1,5,2e-05,32,5,,,,,,,,,,,500,,54.51,ok,,,,,,,,,,,11,500,0.556520540300116,0.5568896441256196,0.00036910382550359166,,,,,,,,
8c0774a1fe04806a,C2,loo,bio21,NVIDIA GeForce RTX 2060 SUPER,0,0,5,2e-05,32,5,,,,,,,,,,,500,,28.55,ok,,,,,,,,,,,12,500,0.40417123563983554,0.39800211591840495,-0.006169119721430583,,,,,,,,
ff9995853fb0f0e4,C2,loo,bio21,NVIDIA GeForce RTX 2060 SUPER,4,1,5,2e-05,32,5,,,,,,,,,,,500,,29.23,ok,,,,,,,,,,,12,500,0.4535583099433446,0.44607978816489957,-0.007478521778445046,,,,,,,,
dd9ba921e61b7cfc,C2,loo,bio21,NVIDIA GeForce RTX 2060 SUPER,0,0,5,2e-05,32,5,,,,,,,,,,,500,,28.52,ok,,,,,,,,,,,13,500,0.40417123563983554,0.3975655202314059,-0.0066057154084296354,,,,,,,,
f2557d4741ab260e,C2,loo,bio21,NVIDIA GeForce RTX 2060 SUPER,2,2,5,2e-05,32,5,,,,,,,,,,,500,,28.83,ok,,,,,,,,,,,13,500,0.5519434496101565,0.532894579944571,-0.0190488696655855,,,,,,,,
fb6214e4e6b8ba44,C2,loo,bio21,NVIDIA GeForce RTX 2060 SUPER,0,1,5,2e-05,32,5,,,,,,,,,,,500,,28.42,ok,,,,,,,,,,,14,500,0.39000467792392707,0.3924537008189605,0.002449022895033459,,,,,,,,
e8aff92ba0944a4d,C2,loo,bio21,NVIDIA GeForce RTX 2060 SUPER,3,1,5,2e-05,32,5,,,,,,,,,,,500,,30.95,ok,,,,,,,,,,,14,500,0.4367970498445135,0.4449859114218209,0.008188861577307416,,,,,,,,
6029f31e3d9d9a5a,C2,loo,bio21,NVIDIA GeForce RTX 2060 SUPER,4,0,5,2e-05,32,5,,,,,,,,,,,500,,54.75,ok,,,,,,,,,,,15,500,0.4581271545094143,0.4599477619283658,0.0018206074189514587,,,,,,,,
22aa8e4d01c01a66,C2,loo,bio21,NVIDIA GeForce RTX 2060 SUPER,4,2,5,2e-05,32,5,,,,,,,,,,,500,,56.13,ok,,,,,,,,,,,15,500,0.45095472772643125,0.44636454472498654,-0.004590183001444703,,,,,,,,
70643a3e6e95f55a,C2,loo,bio21,NVIDIA GeForce RTX 2060 SUPER,1,2,5,2e-05,32,5,,,,,,,,,,,500,,28.69,ok,,,,,,,,,,,16,500,0.3797748266709715,0.3936835976242849,0.013908770953313387,,,,,,,,
3130efa294f29be3,C2,loo,bio21,NVIDIA GeForce RTX 2060 SUPER,2,3,5,2e-05,32,5,,,,,,,,,,,500,,30.47,ok,,,,,,,,,,,16,500,0.552409223976177,0.5517650823633564,-0.000644141612820559,,,,,,,,
e0ab02455f75bc1a,C2,loo,bio21,NVIDIA GeForce RTX 2060 SUPER,4,2,5,2e-05,32,5,,,,,,,,,,,500,,28.88,ok,,,,,,,,,,,16,500,0.45095472772643125,0.44667804295541674,-0.004276684771014505,,,,,,,,
66ee3c1928b67b22,C2,loo,bio21,NVIDIA GeForce RTX 2060 SUPER,3,1,5,2e-05,32,5,,,,,,,,,,,500,,30.66,ok,,,,,,,,,,,17,500,0.4367970498445135,0.44525821418145095,0.008461164336937443,,,,,,,,
0a03e9489e1f8280,C2,loo,bio21,NVIDIA GeForce RTX 2060 SUPER,1,2,5,2e-05,32,5,,,,,,,,,,,500,,28.89,ok,,,,,,,,,,,18,500,0.3797748266709715,0.39405403307815207,0.014279206407180556,,,,,,,,
889f97d4d87d71fa,C2,loo,bio21,NVIDIA GeForce RTX 2060 SUPER,0,2,5,2e-05,32,5,,,,,,,,,,,500,,30.52,ok,,,,,,,,,,,19,500,0.4026885218268407,0.3883707622092942,-0.0143177596175465,,,,,,,,
9574ed38d17595ec,C2,loo,bio21,NVIDIA GeForce RTX 2060 SUPER,1,3,5,2e-05,32,5,,,,,,,,,,,500,,56.01,ok,,,,,,,,,,,20,500,0.4097371890382974,0.39515264986335297,-0.014584539174944455,,,,,,,,
58c1815a987a2d5c,C2,loo,bio21,NVIDIA GeForce RTX 2060 SUPER,2,1,5,2e-05,32,5,,,,,,,,,,,500,,31.05,ok,,,,,,,,,,,23,500,0.556520540300116,0.5623533792766992,0.0058328389765831545,,,,,,,,
8b55596971990964,C2,loo,bio21,NVIDIA GeForce RTX 2060 SUPER,4,0,5,2e-05,32,5,,,,,,,,,,,500,,28.87,ok,,,,,,,,,,,23,500,0.4581271545094143,0.45905519849389315,0.0009280439844788213,,,,,,,,
ae0cfff3aba86807,C2,loo,bio21,NVIDIA GeForce RTX 2060 SUPER,4,1,5,2e-05,32,5,,,,,,,,,,,500,,31.01,ok,,,,,,,,,,,23,500,0.4535583099433446,0.447340031667307,-0.006218278276037603,,,,,,,,
84d56aa4726936e7,C2,loo,bio21,NVIDIA GeForce RTX 2060 SUPER,2,1,5,2e-05,32,5,,,,,,,,,,,500,,29.08,ok,,,,,,,,,,,24,500,0.556520540300116,0.5557653645743036,-0.000755175725812407,,,,,,,,
51044cd6e10ddb40,C2,loo,bio21,NVIDIA GeForce RTX 2060 SUPER,1,0,5,2e-05,32,5,,,,,,,,,,,500,,28.51,ok,,,,,,,,,,,26,500,0.41562414180701224,0.41543534931410764,-0.0001887924929045992,,,,,,,,
1a49bf227869f486,C2,loo,bio21,NVIDIA GeForce RTX 2060 SUPER,4,2,5,2e-05,32,5,,,,,,,,,,,500,,29.25,ok,,,,,,,,,,,26,500,0.45095472772643125,0.4473627071683418,-0.003592020558089437,,,,,,,,
a86cdbfe75111d40,C2,loo,bio21,NVIDIA GeForce RTX 2060 SUPER,1,2,5,2e-05,32,5,,,,,,,,,,,500,,28.85,ok,,,,,,,,,,,27,500,0.3797748266709715,0.393692620370585,0.01391779369961349,,,,,,,,
3001def89b7c57c2,C2,loo,bio21,NVIDIA GeForce RTX 2060 SUPER,3,1,5,2e-05,32,5,,,,,,,,,,,500,,30.34,ok,,,,,,,,,,,27,500,0.4367970498445135,0.45302697552499244,0.01622992568047893,,,,,,,,
1d5c59da9a57f5a6,C2,loo,bio21,NVIDIA GeForce RTX 2060 SUPER,0,2,5,2e-05,32,5,,,,,,,,,,,500,,30.81,ok,,,,,,,,,,,28,500,0.4026885218268407,0.38583275413783497,-0.016855767689005707,,,,,,,,
971d8d8a3b30f8cd,C2,loo,bio21,NVIDIA GeForce RTX 2060 SUPER,1,3,5,2e-05,32,5,,,,,,,,,,,500,,31.17,ok,,,,,,,,,,,28,500,0.4097371890382974,0.41049106337378993,0.0007538743354925104,,,,,,,,
6726b35f88901365,C2,loo,bio21,NVIDIA GeForce RTX 2060 SUPER,2,2,5,2e-05,32,5,,,,,,,,,,,500,,30.62,ok,,,,,,,,,,,28,500,0.5519434496101565,0.5372905582826704,-0.01465289132748615,,,,,,,,
2aa14de532369e61,C2,loo,bio21,NVIDIA GeForce RTX 2060 SUPER,3,2,5,2e-05,32,5,,,,,,,,,,,500,,30.69,ok,,,,,,,,,,,29,500,0.45065875637527963,0.44479598532501746,-0.005862771050262172,,,,,,,,
c6a6e8cfc7a5eb43,C2,loo,bio21,NVIDIA GeForce RTX 2060 SUPER,0,1,5,2e-05,32,5,,,,,,,,,,,500,,28.27,ok,,,,,,,,,,,30,500,0.39000467792392707,0.3937804988281919,0.003775820904264815,,,,,,,,
18a8f4d8de643f65,C2,loo,bio21,NVIDIA GeForce RTX 2060 SUPER,2,1,5,2e-05,32,5,,,,,,,,,,,500,,30.22,ok,,,,,,,,,,,30,500,0.556520540300116,0.5518653486975871,-0.004655191602528919,,,,,,,,
502c5603bad99d84,C2,loo,bio21,NVIDIA GeForce RTX 2060 SUPER,1,2,5,2e-05,32,5,,,,,,,,,,,500,,28.56,ok,,,,,,,,,,,33,500,0.3797748266709715,0.39345008138160237,0.013675254710630858,,,,,,,,
26cadf83d82d33e5,C2,loo,bio21,NVIDIA GeForce RTX 2060 SUPER,1,0,5,2e-05,32,5,,,,,,,,,,,500,,30.72,ok,,,,,,,,,,,34,500,0.41562414180701224,0.4144314993842675,-0.0011926424227447496,,,,,,,,
8bb7aa010b766195,C2,loo,bio21,NVIDIA GeForce RTX 2060 SUPER,4,0,5,2e-05,32,5,,,,,,,,,,,500,,28.86,ok,,,,,,,,,,,35,500,0.4581271545094143,0.45979226763915676,0.0016651131297424349,,,,,,,,
52213c25baad58d0,C2,loo,bio21,NVIDIA GeForce RTX 2060 SUPER,3,2,5,2e-05,32,5,,,,,,,,,,,500,,29.06,ok,,,,,,,,,,,36,500,0.45065875637527963,0.44296963235468223,-0.007689124020597404,,,,,,,,
2a155e9a9d717406,C2,loo,bio21,NVIDIA GeForce RTX 2060 SUPER,1,3,5,2e-05,32,5,,,,,,,,,,,500,,29.13,ok,,,,,,,,,,,37,500,0.4097371890382974,0.3964584821256168,-0.013278706912680627,,,,,,,,
9ce67977d02267e7,C2,loo,bio21,NVIDIA GeForce RTX 2060 SUPER,2,0,5,2e-05,32,5,,,,,,,,,,,500,,30.05,ok,,,,,,,,,,,37,500,0.5328440033978762,0.5913991536108878,0.05855515021301161,,,,,,,,
44303627f28424bf,C2,loo,bio21,NVIDIA GeForce RTX 2060 SUPER,2,2,5,2e-05,32,5,,,,,,,,,,,500,,30.75,ok,,,,,,,,,,,37,500,0.5519434496101565,0.5331335924717145,-0.018809857138441965,,,,,,,,
2d918fccea624b4c,C2,loo,bio21,NVIDIA GeForce RTX 2060 SUPER,0,3,5,2e-05,32,5,,,,,,,,,,,500,,28.7,ok,,,,,,,,,,,39,500,0.39731708567432605,0.39064738035449637,-0.0066697053198296885,,,,,,,,
6bb7e73fe7644009,C2,loo,bio21,NVIDIA GeForce RTX 2060 SUPER,4,2,5,2e-05,32,5,,,,,,,,,,,500,,30.36,ok,,,,,,,,,,,39,500,0.45095472772643125,0.4473704014879972,-0.0035843262384340213,,,,,,,,
fcd9da3e7c252573,C2,loo,bio21,NVIDIA GeForce RTX 2060 SUPER,2,1,5,2e-05,32,5,,,,,,,,,,,500,,28.6,ok,,,,,,,,,,,40,500,0.556520540300116,0.5555282653763686,-0.000992274923747427,,,,,,,,
3bb0fe4ae712aab7,C2,loo,bio21,NVIDIA GeForce RTX 2060 SUPER,3,3,5,2e-05,32,5,,,,,,,,,,,500,,28.3,ok,,,,,,,,,,,40,500,0.45944524584920415,0.4596664426245974,0.00022119677539322868,,,,,,,,
ab5c4dec74069045,C2,loo,bio21,NVIDIA GeForce RTX 2060 SUPER,1,0,5,2e-05,32,5,,,,,,,,,,,500,,28.4,ok,,,,,,,,,,,41,500,0.41562414180701224,0.41404250807598786,-0.0015816337310243789,,,,,,,,
24fddb35c4f79e80,C2,loo,bio21,NVIDIA GeForce RTX 2060 SUPER,1,3,5,2e-05,32,5,,,,,,,,,,,500,,30.34,ok,,,,,,,,,,,43,500,0.4097371890382974,0.395307228774733,-0.014429960263564412,,,,,,,,
784539254a835df0,C2,loo,bio21,NVIDIA GeForce RTX 2060 SUPER,0,0,5,2e-05,32,5,,,,,,,,,,,500,,28.33,ok,,,,,,,,,,,44,500,0.40417123563983554,0.39797894931173805,-0.006192286328097485,,,,,,,,
825e4214583dc616,C2,loo,bio21,NVIDIA GeForce RTX 2060 SUPER,4,2,5,2e-05,32,5,,,,,,,,,,,500,,31.06,ok,,,,,,,,,,,45,500,0.45095472772643125,0.4454431322023557,-0.005511595524075541,,,,,,,,
e090d2181874d82e,C2,loo,bio21,NVIDIA GeForce RTX 2060 SUPER,0,2,5,2e-05,32,5,,,,,,,,,,,500,,28.83,ok,,,,,,,,,,,46,500,0.4026885218268407,0.389325324173962,-0.013363197652878689,,,,,,,,
20cfb87948437411,C2,loo,bio21,NVIDIA GeForce RTX 2060 SUPER,4,2,5,2e-05,32,5,,,,,,,,,,,500,,28.36,ok,,,,,,,,,,,46,500,0.45095472772643125,0.44802284369608086,-0.0029318840303503846,,,,,,,,
c70672c21c1275e7,C2,loo,bio21,NVIDIA GeForce RTX 2060 SUPER,0,0,5,2e-05,32,5,,,,,,,,,,,500,,28.63,ok,,,,,,,,,,,47,500,0.40417123563983554,0.39744637194719334,-0.006724863692642191,,,,,,,,
5a95de8419da815b,C2,loo,bio21,NVIDIA GeForce RTX 2060 SUPER,4,1,5,2e-05,32,5,,,,,,,,,,,500,,29.1,ok,,,,,,,,,,,47,500,0.4535583099433446,0.45314797471053125,-0.0004103352328133636,,,,,,,,
a8793ec11251cfd0,C2,loo,bio21,NVIDIA GeForce RTX 2060 SUPER,1,2,5,2e-05,32,5,,,,,,,,,,,500,,30.5,ok,,,,,,,,,,,48,500,0.3797748266709715,0.39592543436369954,0.016150607692728025,,,,,,,,
cb4bb2979566e79d,C2,loo,bio21,NVIDIA GeForce RTX 2060 SUPER,3,0,5,2e-05,32,5,,,,,,,,,,,500,,54.51,ok,,,,,,,,,,,48,500,0.4641838041180698,0.48929618103673206,0.02511237691866225,,,,,,,,
d91c1162d1d46274,C2,loo,bio21,NVIDIA GeForce RTX 2060 SUPER,0,0,5,2e-05,32,5,,,,,,,,,,,500,,30.21,ok,,,,,,,,,,,49,500,0.40417123563983554,0.39744131420763656,-0.006729921432198971,,,,,,,,
4c4d3a04ff9b2e5b,C2,loo,bio21,NVIDIA GeForce RTX 2060 SUPER,2,1,5,2e-05,32,5,,,,,,,,,,,500,,30.24,ok,,,,,,,,,,,49,500,0.556520540300116,0.5547445178735624,-0.001776022426553614,,,,,,,,
e826636120f6b761,C2,loo,bio21,NVIDIA GeForce RTX 2060 SUPER,3,2,5,2e-05,32,5,,,,,,,,,,,500,,28.74,ok,,,,,,,,,,,49,500,0.45065875637527963,0.4427208271247822,-0.00793792925049741,,,,,,,,
2a6df022626fff59,C2,loo,bio21,NVIDIA GeForce RTX 2060 SUPER,0,0,5,2e-05,32,5,,,,,,,,,,,500,,31.12,ok,,,,,,,,,,,51,500,0.40417123563983554,0.39795784863306466,-0.006213387006770876,,,,,,,,
e9e34efea7bd7f40,C2,loo,bio21,NVIDIA GeForce RTX 2060 SUPER,2,0,5,2e-05,32,5,,,,,,,,,,,500,,29.74,ok,,,,,,,,,,,52,500,0.5328440033978762,0.5912341126337485,0.05839010923587229,,,,,,,,
9e8d483d2609b729,C2,loo,bio21,NVIDIA GeForce RTX 2060 SUPER,1,0,5,2e-05,32,5,,,,,,,,,,,500,,29.22,ok,,,,,,,,,,,53,500,0.41562414180701224,0.4144226024749251,-0.0012015393320871648,,,,,,,,
bf46ebcbe39fd678,C2,loo,bio21,NVIDIA GeForce RTX 2060 SUPER,2,3,5,2e-05,32,5,,,,,,,,,,,500,,30.34,ok,,,,,,,,,,,53,500,0.552409223976177,0.5517027686285054,-0.0007064553476715529,,,,,,,,
82d2ebc9d678ded7,C2,loo,bio21,NVIDIA GeForce RTX 2060 SUPER,3,0,5,2e-05,32,5,,,,,,,,,,,500,,29.84,ok,,,,,,,,,,,53,500,0.4641838041180698,0.48857687029307706,0.02439306617500725,,,,,,,,
dce26a7e953abd66,C2,loo,bio21,NVIDIA GeForce RTX 2060 SUPER,3,3,5,2e-05,32,5,,,,,,,,,,,500,,31.67,ok,,,,,,,,,,,53,500,0.45944524584920415,0.4599905101340757,0.0005452642848715605,,,,,,,,
56e651d6f79f781b,C2,loo,bio21,NVIDIA GeForce RTX 2060 SUPER,4,0,5,2e-05,32,5,,,,,,,,,,,500,,29.06,ok,,,,,,,,,,,53,500,0.4581271545094143,0.4596277356616838,0.0015005811522694756,,,,,,,,
2457e94148991278,C2,loo,bio21,NVIDIA GeForce RTX 2060 SUPER,0,0,5,2e-05,32,5,,,,,,,,,,,500,,31.03,ok,,,,,,,,,,,54,500,0.40417123563983554,0.397775365398358,-0.00639587024147753,,,,,,,,
2df2d62ee7dbed89,C2,loo,bio21,NVIDIA GeForce RTX 2060 SUPER,2,2,5,2e-05,32,5,,,,,,,,,,,500,,28.86,ok,,,,,,,,,,,54,500,0.5519434496101565,0.5332345843607802,-0.018708865249376316,,,,,,,,
84e27f3c8f0a51e9,C2,loo,bio21,NVIDIA GeForce RTX 2060 SUPER,4,3,5,2e-05,32,5,,,,,,,,,,,500,,30.53,ok,,,,,,,,,,,54,500,0.4290654030113664,0.4355634459455621,0.0064980429341957024,,,,,,,,
eb38a18d6054bd96,C2,loo,bio21,NVIDIA GeForce RTX 2060 SUPER,2,1,5,2e-05,32,5,,,,,,,,,,,500,,28.32,ok,,,,,,,,,,,55,500,0.556520540300116,0.5529369595966194,-0.003583580703496625,,,,,,,,
845916c5eadf297a,C2,loo,bio21,NVIDIA GeForce RTX 2060 SUPER,0,2,5,2e-05,32,5,,,,,,,,,,,500,,30.37,ok,,,,,,,,,,,56,500,0.4026885218268407,0.3876104918572174,-0.015078029969623263,,,,,,,,
2e6ff4b03055b3b8,C2,loo,bio21,NVIDIA GeForce RTX 2060 SUPER,4,3,5,2e-05,32,5,,,,,,,,,,,500,,30.29,ok,,,,,,,,,,,56,500,0.4290654030113664,0.4346703233060509,0.005604920294684457,,,,,,,,
cddfc8f2dfbd649e,C2,loo,bio21,NVIDIA GeForce RTX 2060 SUPER,1,2,5,2e-05,32,5,,,,,,,,,,,500,,28.8,ok,,,,,,,,,,,57,500,0.3797748266709715,0.3937146982430639,0.013939871572092366,,,,,,,,
1cc185ee0ead99ad,C2,loo,bio21,NVIDIA GeForce RTX 2060 SUPER,2,0,5,2e-05,32,5,,,,,,,,,,,500,,30.2,ok,,,,,,,,,,,58,500,0.5328440033978762,0.5909388030019945,0.05809479960411834,,,,,,,,
3ec48df9cf670bb2,C2,loo,bio21,NVIDIA GeForce RTX 2060 SUPER,2,2,5,2e-05,32,5,,,,,,,,,,,500,,30.34,ok,,,,,,,,,,,58,500,0.5519434496101565,0.5325330174271253,-0.01941043218303118,,,,,,,,
adc48684fd6c405c,C2,loo,bio21,NVIDIA GeForce RTX 2060 SUPER,4,3,5,2e-05,32,5,,,,,,,,,,,500,,28.62,ok,,,,,,,,,,,60,500,0.4290654030113664,0.4345826736854843,0.005517270674117891,,,,,,,,
464bf8baf8c51baf,C2,loo,bio21,NVIDIA GeForce RTX 2060 SUPER,3,3,5,2e-05,32,5,,,,,,,,,,,500,,30.41,ok,,,,,,,,,,,61,500,0.45944524584920415,0.4609411724800235,0.001495926630819322,,,,,,,,
a274fa8aacb4def9,C2,loo,bio21,NVIDIA GeForce RTX 2060 SUPER,1,1,5,2e-05,32,5,,,,,,,,,,,500,,56.59,ok,,,,,,,,,,,62,500,0.4161386510940039,0.40244446992076577,-0.013694181173238118,,,,,,,,
863cfa6c65978032,C2,loo,bio21,NVIDIA GeForce RTX 2060 SUPER,3,2,5,2e-05,32,5,,,,,,,,,,,500,,30.33,ok,,,,,,,,,,,62,500,0.45065875637527963,0.4455955305945159,-0.005063225780763736,,,,,,,,
59ecc3751488ccd0,C2,loo,bio21,NVIDIA GeForce RTX 2060 SUPER,1,0,5,2e-05,32,5,,,,,,,,,,,500,,30.49,ok,,,,,,,,,,,63,500,0.41562414180701224,0.4137608374942571,-0.0018633043127551097,,,,,,,,
ab96d793a7d5890a,C2,loo,bio21,NVIDIA GeForce RTX 2060 SUPER,4,3,5,2e-05,32,5,,,,,,,,,,,500,,30.21,ok,,,,,,,,,,,64,500,0.4290654030113664,0.4353832110700517,0.006317808058685259,,,,,,,,
de00d978efc0f9f7,C2,loo,bio21,NVIDIA GeForce RTX 2060 SUPER,2,0,5,2e-05,32,5,,,,,,,,,,,500,,30.11,ok,,,,,,,,,,,65,500,0.5328440033978762,0.5910312956157053,0.058187292217829145,,,,,,,,
154cedeb973e5d66,C2,loo,bio21,NVIDIA GeForce RTX 2060 SUPER,1,2,5,2e-05,32,5,,,,,,,,,,,500,,30.36,ok,,,,,,,,,,,66,500,0.3797748266709715,0.39823026677485834,0.018455440103886833,,,,,,,,
67917cbc707201d1,C2,loo,bio21,NVIDIA GeForce RTX 2060 SUPER,1,1,5,2e-05,32,5,,,,,,,,,,,500,,29.19,ok,,,,,,,,,,,67,500,0.4161386510940039,0.4080530460106804,-0.00808560508332351,,,,,,,,
dcb00945f20c6cc4,C2,loo,bio21,NVIDIA GeForce RTX 2060 SUPER,1,1,5,2e-05,32,5,,,,,,,,,,,500,,30.28,ok,,,,,,,,,,,68,500,0.4161386510940039,0.40120455388756754,-0.014934097206436348,,,,,,,,
84a9de63789725eb,C2,loo,bio21,NVIDIA GeForce RTX 2060 SUPER,2,2,5,2e-05,32,5,,,,,,,,,,,500,,30.31,ok,,,,,,,,,,,68,500,0.5519434496101565,0.5329795588993308,-0.018963890710825715,,,,,,,,
e7199b47305d8f1a,C2,loo,bio21,NVIDIA GeForce RTX 2060 SUPER,1,2,5,2e-05,32,5,,,,,,,,,,,500,,30.53,ok,,,,,,,,,,,69,500,0.3797748266709715,0.39546922557539776,0.015694398904426254,,,,,,,,
3abbfb4698f10ffb,C2,loo,bio21,NVIDIA GeForce RTX 2060 SUPER,2,0,5,2e-05,32,5,,,,,,,,,,,500,,30.58,ok,,,,,,,,,,,69,500,0.5328440033978762,0.5889475272702579,0.05610352387238171,,,,,,,,
901a98c36e1e2a3d,C2,loo,bio21,NVIDIA GeForce RTX 2060 SUPER,4,2,5,2e-05,32,5,,,,,,,,,,,500,,30.55,ok,,,,,,,,,,,69,500,0.45095472772643125,0.44711348231083264,-0.0038412454155986042,,,,,,,,
b0b826b8d22a0b79,C2,loo,bio21,NVIDIA GeForce RTX 2060 SUPER,3,0,5,2e-05,32,5,,,,,,,,,,,500,,30.44,ok,,,,,,,,,,,70,500,0.4641838041180698,0.48995785358642,0.025774049468350213,,,,,,,,
89b9f241c97b30e9,C2,loo,bio21,NVIDIA GeForce RTX 2060 SUPER,1,2,5,2e-05,32,5,,,,,,,,,,,500,,30.59,ok,,,,,,,,,,,71,500,0.3797748266709715,0.3932103944147935,0.013435567743821986,,,,,,,,
b9294f5cb95aa791,C2,loo,bio21,NVIDIA GeForce RTX 2060 SUPER,2,2,5,2e-05,32,5,,,,,,,,,,,500,,30.27,ok,,,,,,,,,,,72,500,0.5519434496101565,0.5342414745186024,-0.017701975091554134,,,,,,,,
bcfae85f9a45e991,C2,loo,bio21,NVIDIA GeForce RTX 2060 SUPER,4,3,5,2e-05,32,5,,,,,,,,,,,500,,28.26,ok,,,,,,,,,,,74,500,0.4290654030113664,0.4391867785600079,0.010121375548641454,,,,,,,,
2759f37432064856,C2,loo,bio21,NVIDIA GeForce RTX 2060 SUPER,0,2,5,2e-05,32,5,,,,,,,,,,,500,,30.28,ok,,,,,,,,,,,77,500,0.4026885218268407,0.3874147187982238,-0.015273803028616861,,,,,,,,
aecee1c11c793357,C2,loo,bio21,NVIDIA GeForce RTX 2060 SUPER,2,1,5,2e-05,32,5,,,,,,,,,,,500,,30.23,ok,,,,,,,,,,,77,500,0.556520540300116,0.5584039993950295,0.0018834590949134977,,,,,,,,
aa4306b142143003,C2,loo,bio21,NVIDIA GeForce RTX 2060 SUPER,3,2,5,2e-05,32,5,,,,,,,,,,,500,,28.85,ok,,,,,,,,,,,78,500,0.45065875637527963,0.44131616806746815,-0.009342588307811484,,,,,,,,
3f18e41ac7653b39,C2,loo,bio21,NVIDIA GeForce RTX 2060 SUPER,0,3,5,2e-05,32,5,,,,,,,,,,,500,,30.21,ok,,,,,,,,,,,79,500,0.39731708567432605,0.38764736811073036,-0.009669717563595692,,,,,,,,
3041a9a8182088d0,C2,loo,bio21,NVIDIA GeForce RTX 2060 SUPER,2,3,5,2e-05,32,5,,,,,,,,,,,500,,29.23,ok,,,,,,,,,,,79,500,0.552409223976177,0.5513197032916081,-0.001089520684568912,,,,,,,,
892d45560e695b66,C2,loo,bio21,NVIDIA GeForce RTX 2060 SUPER,4,3,5,2e-05,32,5,,,,,,,,,,,500,,30.19,ok,,,,,,,,,,,79,500,0.4290654030113664,0.4349613871892918,0.005895984177925362,,,,,,,,
f6061a9f298c231f,C2,loo,bio21,NVIDIA GeForce RTX 2060 SUPER,1,3,5,2e-05,32,5,,,,,,,,,,,500,,31.02,ok,,,,,,,,,,,80,500,0.4097371890382974,0.39571741538920857,-0.014019773649088851,,,,,,,,
1439446853d1199d,C2,loo,bio21,NVIDIA GeForce RTX 2060 SUPER,3,0,5,2e-05,32,5,,,,,,,,,,,500,,28.58,ok,,,,,,,,,,,80,500,0.4641838041180698,0.48927270526899824,0.025088901150928433,,,,,,,,
8b5f32964f5f99eb,C2,loo,bio21,NVIDIA GeForce RTX 2060 SUPER,4,0,5,2e-05,32,5,,,,,,,,,,,500,,28.67,ok,,,,,,,,,,,80,500,0.4581271545094143,0.45951188770991414,0.0013847332004998103,,,,,,,,
820e659358cd29a0,C2,loo,bio21,NVIDIA GeForce RTX 2060 SUPER,1,1,5,2e-05,32,5,,,,,,,,,,,500,,28.54,ok,,,,,,,,,,,81,500,0.4161386510940039,0.40343570613226437,-0.012702944961739515,,,,,,,,
0f6ef139ac1210f1,C2,loo,bio21,NVIDIA GeForce RTX 2060 SUPER,3,0,5,2e-05,32,5,,,,,,,,,,,500,,30.58,ok,,,,,,,,,,,81,500,0.4641838041180698,0.48746768776311783,0.02328388364504802,,,,,,,,
5e84056e83fc4d18,C2,loo,bio21,NVIDIA GeForce RTX 2060 SUPER,3,2,5,2e-05,32,5,,,,,,,,,,,500,,30.43,ok,,,,,,,,,,,81,500,0.45065875637527963,0.44511106336113815,-0.005547693014141486,,,,,,,,
a37f48d6f75d09f5,C2,loo,bio21,NVIDIA GeForce RTX 2060 SUPER,3,3,5,2e-05,32,5,,,,,,,,,,,500,,30.72,ok,,,,,,,,,,,81,500,0.45944524584920415,0.45989347260116725,0.0004482267519630989,,,,,,,,
9855abf32b31e593,C2,loo,bio21,NVIDIA GeForce RTX 2060 SUPER,0,1,5,2e-05,32,5,,,,,,,,,,,500,,30.59,ok,,,,,,,,,,,83,500,0.39000467792392707,0.3896504259693176,-0.0003542519546094747,,,,,,,,
bf98c0ac5aa6cfeb,C2,loo,bio21,NVIDIA GeForce RTX 2060 SUPER,2,1,5,2e-05,32,5,,,,,,,,,,,500,,28.57,ok,,,,,,,,,,,83,500,0.556520540300116,0.5596740219326529,0.0031534816325369253,,,,,,,,
039f9703f86e77e8,C2,loo,bio21,NVIDIA GeForce RTX 2060 SUPER,1,3,5,2e-05,32,5,,,,,,,,,,,500,,28.7,ok,,,,,,,,,,,84,500,0.4097371890382974,0.3975000757755963,-0.012237113262701105,,,,,,,,
0ed5df4af3b6fa53,C2,loo,bio21,NVIDIA GeForce RTX 2060 SUPER,2,2,5,2e-05,32,5,,,,,,,,,,,500,,29.02,ok,,,,,,,,,,,84,500,0.5519434496101565,0.5315384238937456,-0.020405025716410896,,,,,,,,
08041b827bcf893e,C2,loo,bio21,NVIDIA GeForce RTX 2060 SUPER,0,1,5,2e-05,32,5,,,,,,,,,,,500,,30.33,ok,,,,,,,,,,,86,500,0.39000467792392707,0.390390074358714,0.000385396434786911,,,,,,,,
38f0d36c6a559670,C2,loo,bio21,NVIDIA GeForce RTX 2060 SUPER,1,1,5,2e-05,32,5,,,,,,,,,,,500,,30.54,ok,,,,,,,,,,,86,500,0.4161386510940039,0.4021586524681707,-0.013979998625833212,,,,,,,,
7601b156431d0a0d,C2,loo,bio21,NVIDIA GeForce RTX 2060 SUPER,3,2,5,2e-05,32,5,,,,,,,,,,,500,,28.37,ok,,,,,,,,,,,86,500,0.45065875637527963,0.4435200059175214,-0.007138750457758247,,,,,,,,
9d65134caf207dde,C2,loo,bio21,NVIDIA GeForce RTX 2060 SUPER,1,1,5,2e-05,32,5,,,,,,,,,,,500,,30.37,ok,,,,,,,,,,,87,500,0.4161386510940039,0.40751743629844706,-0.00862121479555683,,,,,,,,
9fecd730adc2a1ba,C2,loo,bio21,NVIDIA GeForce RTX 2060 SUPER,1,2,5,2e-05,32,5,,,,,,,,,,,500,,30.78,ok,,,,,,,,,,,87,500,0.3797748266709715,0.3959595772465968,0.016184750575625295,,,,,,,,
57197a876080a269,C2,loo,bio21,NVIDIA GeForce RTX 2060 SUPER,2,1,5,2e-05,32,5,,,,,,,,,,,500,,30.98,ok,,,,,,,,,,,87,500,0.556520540300116,0.5495250991622311,-0.006995441137884861,,,,,,,,
93e2df95113705a5,C2,loo,bio21,NVIDIA GeForce RTX 2060 SUPER,3,0,5,2e-05,32,5,,,,,,,,,,,500,,28.46,ok,,,,,,,,,,,87,500,0.4641838041180698,0.49037105277826,0.026187248660190177,,,,,,,,
daf6db611abfc123,C2,loo,bio21,NVIDIA GeForce RTX 2060 SUPER,2,1,5,2e-05,32,5,,,,,,,,,,,500,,30.53,ok,,,,,,,,,,,88,500,0.556520540300116,0.5558080156225568,-0.0007125246775592231,,,,,,,,
331c86c7c47bfb48,C2,loo,bio21,NVIDIA GeForce RTX 2060 SUPER,3,1,5,2e-05,32,5,,,,,,,,,,,500,,28.97,ok,,,,,,,,,,,88,500,0.4367970498445135,0.4554272016119336,0.01863015176742011,,,,,,,,
d337b9964370673e,C2,loo,bio21,NVIDIA GeForce RTX 2060 SUPER,0,3,5,2e-05,32,5,,,,,,,,,,,500,,30.92,ok,,,,,,,,,,,90,500,0.39731708567432605,0.38039961263583794,-0.016917473038488118,,,,,,,,
02ce695d0c006c05,C2,loo,bio21,NVIDIA GeForce RTX 2060 SUPER,1,1,5,2e-05,32,5,,,,,,,,,,,500,,29.13,ok,,,,,,,,,,,90,500,0.4161386510940039,0.41376202169186466,-0.00237662940213923,,,,,,,,
6e21f1ff2388eaf7,C2,loo,bio21,NVIDIA GeForce RTX 2060 SUPER,1,2,5,2e-05,32,5,,,,,,,,,,,500,,30.81,ok,,,,,,,,,,,91,500,0.3797748266709715,0.39272038333097653,0.01294555666000502,,,,,,,,
76243a482387ef33,C2,loo,bio21,NVIDIA GeForce RTX 2060 SUPER,1,0,5,2e-05,32,5,,,,,,,,,,,500,,31.08,ok,,,,,,,,,,,92,500,0.41562414180701224,0.4144562608192894,-0.001167880987722858,,,,,,,,
5d0cc1e04fd6d19a,C2,loo,bio21,NVIDIA GeForce RTX 2060 SUPER,2,0,5,2e-05,32,5,,,,,,,,,,,500,,31.18,ok,,,,,,,,,,,93,500,0.5328440033978762,0.5899449028217809,0.05710089942390473,,,,,,,,
1f6a42851857fffe,C2,loo,bio21,NVIDIA GeForce RTX 2060 SUPER,0,0,5,2e-05,32,5,,,,,,,,,,,500,,28.69,ok,,,,,,,,,,,94,500,0.40417123563983554,0.3977361758398369,-0.006435059799998644,,,,,,,,
b1aefe3f66cbff96,C2,loo,bio21,NVIDIA GeForce RTX 2060 SUPER,4,2,5,2e-05,32,5,,,,,,,,,,,500,,29.01,ok,,,,,,,,,,,95,500,0.45095472772643125,0.4458694664616965,-0.005085261264734742,,,,,,,,
83505f992ec51eaf,C2,loo,bio21,NVIDIA GeForce RTX 2060 SUPER,1,1,5,2e-05,32,5,,,,,,,,,,,500,,28.78,ok,,,,,,,,,,,96,500,0.4161386510940039,0.40177384129893773,-0.014364809795066158,,,,,,,,
1a306688eab74367,C2,loo,bio21,NVIDIA GeForce RTX 2060 SUPER,2,1,5,2e-05,32,5,,,,,,,,,,,500,,30.71,ok,,,,,,,,,,,97,500,0.556520540300116,0.5549606928197829,-0.0015598474803331097,,,,,,,,
d7f85dbf4df13e25,C2,loo,bio21,NVIDIA GeForce RTX 2060 SUPER,3,2,5,2e-05,32,5,,,,,,,,,,,500,,30.29,ok,,,,,,,,,,,97,500,0.45065875637527963,0.43971508487914346,-0.010943671496136176,,,,,,,,
48fbeacafaf36ee3,C2,loo,bio21,NVIDIA GeForce RTX 2060 SUPER,4,0,5,2e-05,32,5,,,,,,,,,,,500,,28.81,ok,,,,,,,,,,,97,500,0.4581271545094143,0.4594463625329979,0.0013192080235835957,,,,,,,,
463fcd27ab814966,C2,loo,bio21,NVIDIA GeForce RTX 2060 SUPER,4,1,5,2e-05,32,5,,,,,,,,,,,500,,30.51,ok,,,,,,,,,,,97,500,0.4535583099433446,0.4475448861809317,-0.006013423762412928,,,,,,,,
78c91bc7ff9fbe89,C2,loo,bio21,NVIDIA GeForce RTX 2060 SUPER,2,1,5,2e-05,32,5,,,,,,,,,,,500,,29.0,ok,,,,,,,,,,,98,500,0.556520540300116,0.5567649423841483,0.00024440208403231356,,,,,,,,
0d360a7b6fb0a789,C2,loo,bio21,NVIDIA GeForce RTX 2060 SUPER,0,2,5,2e-05,32,5,,,,,,,,,,,500,,30.61,ok,,,,,,,,,,,99,500,0.4026885218268407,0.39132458612942844,-0.01136393569741223,,,,,,,,
b4a9788c9753da8f,C2,loo,bio21,NVIDIA GeForce RTX 2060 SUPER,1,1,5,2e-05,32,5,,,,,,,,,,,500,,28.86,ok,,,,,,,,,,,99,500,0.4161386510940039,0.4020578052609057,-0.01408084583309821,,,,,,,,
e70728a348feb678,C2,loo,bio21,NVIDIA GeForce RTX 2060 SUPER,3,3,5,2e-05,32,5,,,,,,,,,,,500,,28.41,ok,,,,,,,,,,,99,500,0.45944524584920415,0.4596463386770283,0.00020109282782415638,,,,,,,,
01f72882a9d68193,C2,loo,bio21,NVIDIA GeForce RTX 2060 SUPER,4,0,5,2e-05,32,5,,,,,,,,,,,500,,31.12,ok,,,,,,,,,,,99,500,0.4581271545094143,0.45729218355064183,-0.0008349709587724963,,,,,,,,
91823ba7b9c4c2bd,C2b,loo,bio21,NVIDIA GeForce RTX 2060 SUPER,0,4,8,2e-05,16,8,,,,,,,,,,,50,,31.91,ok,,,,,,,,,,,1,50,0.4010461183998612,0.39395664054863383,-0.007089477851227377,,,,,,,,
231ccfc882248b8c,C2b,loo,bio21,NVIDIA GeForce RTX 2060 SUPER,1,3,8,2e-05,16,8,,,,,,,,,,,50,,30.31,ok,,,,,,,,,,,1,50,0.37791575764103064,0.38369131271132423,0.005775555070293592,,,,,,,,
9c94ee16830d866f,C2b,loo,bio21,NVIDIA GeForce RTX 2060 SUPER,4,0,8,2e-05,16,8,,,,,,,,,,,50,,32.14,ok,,,,,,,,,,,1,50,0.40799637669584854,0.4180562826331666,0.010059905937318037,,,,,,,,
a730cc77ffe7db3c,C2b,loo,bio21,NVIDIA GeForce RTX 2060 SUPER,1,0,8,2e-05,16,8,,,,,,,,,,,50,,30.93,ok,,,,,,,,,,,2,50,0.37665433257216135,0.38166675835047115,0.0050124257783097925,,,,,,,,
84a9f2398fb8f876,C2b,loo,bio21,NVIDIA GeForce RTX 2060 SUPER,2,1,8,2e-05,16,8,,,,,,,,,,,50,,32.46,ok,,,,,,,,,,,2,50,0.5938299800643771,0.5376257524349835,-0.0562042276293937,,,,,,,,
d99ea68b3e4e165b,C2b,loo,bio21,NVIDIA GeForce RTX 2060 SUPER,2,3,8,2e-05,16,8,,,,,,,,,,,50,,30.06,ok,,,,,,,,,,,2,50,0.5852532104394411,0.5836594334369885,-0.0015937770024526676,,,,,,,,
98aae2018323342f,C2b,loo,bio21,NVIDIA GeForce RTX 2060 SUPER,2,5,8,2e-05,16,8,,,,,,,,,,,50,,32.02,ok,,,,,,,,,,,2,50,0.5639306745631862,0.6087259844548052,0.04479530989161895,,,,,,,,
185ad865ccb668c2,C2b,loo,bio21,NVIDIA GeForce RTX 2060 SUPER,3,2,8,2e-05,16,8,,,,,,,,,,,50,,31.34,ok,,,,,,,,,,,2,50,0.43261669634269967,0.4455112755471286,0.012894579204428935,,,,,,,,
1990089ee862ccbe,C2b,loo,bio21,NVIDIA GeForce RTX 2060 SUPER,3,3,8,2e-05,16,8,,,,,,,,,,,50,,30.15,ok,,,,,,,,,,,2,50,0.44961173764225637,0.4678379262930866,0.018226188650830255,,,,,,,,
92005c1025c6765f,C2b,loo,bio21,NVIDIA GeForce RTX 2060 SUPER,3,5,8,2e-05,16,8,,,,,,,,,,,50,,32.12,ok,,,,,,,,,,,2,50,0.4639395117788375,0.44262699855510446,-0.021312513223733065,,,,,,,,
7b2604699fbc946a,C2b,loo,bio21,NVIDIA GeForce RTX 2060 SUPER,4,1,8,2e-05,16,8,,,,,,,,,,,50,,30.41,ok,,,,,,,,,,,2,50,0.41695771724453917,0.4303502830656698,0.013392565821130631,,,,,,,,
a020a898bc71c565,C2b,loo,bio21,NVIDIA GeForce RTX 2060 SUPER,0,0,8,2e-05,16,8,,,,,,,,,,,50,,30.88,ok,,,,,,,,,,,3,50,0.3916953266341837,0.39936844973646585,0.007673123102282131,,,,,,,,
d025aa5c1ae8ab78,C2b,loo,bio21,NVIDIA GeForce RTX 2060 SUPER,0,4,8,2e-05,16,8,,,,,,,,,,,50,,16.77,ok,,,,,,,,,,,3,50,0.4010461183998612,0.3983048861827158,-0.002741232217145395,,,,,,,,
1b2828c6f050fb02,C2b,loo,bio21,NVIDIA GeForce RTX 2060 SUPER,2,2,8,2e-05,16,8,,,,,,,,,,,50,,30.19,ok,,,,,,,,,,,3,50,0.5782669456230665,0.5851171211250628,0.006850175501996292,,,,,,,,
8bbc6ce13a94bbfd,C2b,loo,bio21,NVIDIA GeForce RTX 2060 SUPER,3,1,8,2e-05,16,8,,,,,,,,,,,50,,30.13,ok,,,,,,,,,,,3,50,0.48070648536510413,0.4701695516203794,-0.010536933744724752,,,,,,,,
13e84517fed708e2,C2b,loo,bio21,NVIDIA GeForce RTX 2060 SUPER,3,2,8,2e-05,16,8,,,,,,,,,,,50,,16.63,ok,,,,,,,,,,,3,50,0.43261669634269967,0.45486880092112497,0.022252104578425302,,,,,,,,
ee9d19f48bacd16c,C2b,loo,bio21,NVIDIA GeForce RTX 2060 SUPER,0,1,8,2e-05,16,8,,,,,,,,,,,50,,30.26,ok,,,,,,,,,,,5,50,0.4051938810779047,0.4032710027163456,-0.0019228783615591327,,,,,,,,
bb7520b30e2d70c5,C2b,loo,bio21,NVIDIA GeForce RTX 2060 SUPER,0,2,8,2e-05,16,8,,,,,,,,,,,50,,30.65,ok,,,,,,,,,,,5,50,0.40569828794311535,0.39915122737983433,-0.006547060563281026,,,,,,,,
7abdd397003d630e,C2b,loo,bio21,NVIDIA GeForce RTX 2060 SUPER,2,4,8,2e-05,16,8,,,,,,,,,,,50,,30.4,ok,,,,,,,,,,,5,50,0.5940775359584113,0.5746081234045471,-0.01946941255386414,,,,,,,,
f14ca1049eda5054,C2b,loo,bio21,NVIDIA GeForce RTX 2060 SUPER,3,1,8,2e-05,16,8,,,,,,,,,,,50,,18.24,ok,,,,,,,,,,,5,50,0.48070648536510413,0.45401559352994114,-0.02669089183516299,,,,,,,,
7e498c57921ae65c,C2b,loo,bio21,NVIDIA GeForce RTX 2060 SUPER,4,3,8,2e-05,16,8,,,,,,,,,,,50,,30.23,ok,,,,,,,,,,,5,50,0.4062225465906677,0.4347748309463396,0.02855228435567192,,,,,,,,
18dc07c34ac54d11,C2b,loo,bio21,NVIDIA GeForce RTX 2060 SUPER,2,3,8,2e-05,16,8,,,,,,,,,,,50,,16.53,ok,,,,,,,,,,,6,50,0.5852532104394411,0.5762501695952084,-0.009003040844232757,,,,,,,,
de8dd20e264b55d2,C2b,loo,bio21,NVIDIA GeForce RTX 2060 SUPER,4,4,8,2e-05,16,8,,,,,,,,,,,50,,32.42,ok,,,,,,,,,,,6,50,0.42582242455815716,0.42987425548330516,0.004051830925147992,,,,,,,,
c7ee058f18e337d5,C2b,loo,bio21,NVIDIA GeForce RTX 2060 SUPER,1,0,8,2e-05,16,8,,,,,,,,,,,50,,18.92,ok,,,,,,,,,,,7,50,0.37665433257216135,0.37462144544346515,-0.0020328871286962036,,,,,,,,
e5b35a63489c7bd8,C2b,loo,bio21,NVIDIA GeForce RTX 2060 SUPER,2,3,8,2e-05,16,8,,,,,,,,,,,50,,16.75,ok,,,,,,,,,,,7,50,0.5852532104394411,0.5794859247784525,-0.005767285660988608,,,,,,,,
00dfa56a890866ad,C2b,loo,bio21,NVIDIA GeForce RTX 2060 SUPER,3,2,8,2e-05,16,8,,,,,,,,,,,50,,18.55,ok,,,,,,,,,,,7,50,0.43261669634269967,0.45146430180144925,0.018847605458749583,,,,,,,,
10f174a822681db0,C2b,loo,bio21,NVIDIA GeForce RTX 2060 SUPER,3,3,8,2e-05,16,8,,,,,,,,,,,50,,18.99,ok,,,,,,,,,,,7,50,0.44961173764225637,0.44438110375188794,-0.00523063389036843,,,,,,,,
689b83665282efd5,C2b,loo,bio21,NVIDIA GeForce RTX 2060 SUPER,1,1,8,2e-05,16,8,,,,,,,,,,,50,,30.26,ok,,,,,,,,,,,8,50,0.38395641220978255,0.3887436155878193,0.004787203378036731,,,,,,,,
f49206399c84c569,C2b,loo,bio21,NVIDIA GeForce RTX 2060 SUPER,1,2,8,2e-05,16,8,,,,,,,,,,,50,,30.11,ok,,,,,,,,,,,8,50,0.3766520771412909,0.38263267715061655,0.005980600009325654,,,,,,,,
0581d2e5e97c2f61,C2b,loo,bio21,NVIDIA GeForce RTX 2060 SUPER,3,0,8,2e-05,16,8,,,,,,,,,,,50,,30.41,ok,,,,,,,,,,,8,50,0.43243213009001225,0.48073138339596,0.048299253305947754,,,,,,,,
2c18eaba59615391,C2b,loo,bio21,NVIDIA GeForce RTX 2060 SUPER,4,1,8,2e-05,16,8,,,,,,,,,,,50,,19.15,ok,,,,,,,,,,,8,50,0.41695771724453917,0.4321901973939711,0.015232480149431904,,,,,,,,
16e237d2bfba2fde,C2b,loo,bio21,NVIDIA GeForce RTX 2060 SUPER,0,5,8,2e-05,16,8,,,,,,,,,,,50,,32.11,ok,,,,,,,,,,,9,50,0.402084811156676,0.39934266993754225,-0.0027421412191337424,,,,,,,,
94d76fb619d8e833,C2b,loo,bio21,NVIDIA GeForce RTX 2060 SUPER,1,3,8,2e-05,16,8,,,,,,,,,,,50,,18.66,ok,,,,,,,,,,,9,50,0.37791575764103064,0.37308179713004347,-0.0048339605109871675,,,,,,,,
8f5d1874e70252f6,C2b,loo,bio21,NVIDIA GeForce RTX 2060 SUPER,2,2,8,2e-05,16,8,,,,,,,,,,,50,,18.83,ok,,,,,,,,,,,9,50,0.5782669456230665,0.580738316042047,0.0024713704189804897,,,,,,,,
723643bebf22490a,C2b,loo,bio21,NVIDIA GeForce RTX 2060 SUPER,0,2,8,2e-05,16,8,,,,,,,,,,,50,,18.41,ok,,,,,,,,,,,10,50,0.40569828794311535,0.3888821801790134,-0.016816107764101973,,,,,,,,
5393271d81efd999,C2b,loo,bio21,NVIDIA GeForce RTX 2060 SUPER,0,4,8,2e-05,16,8,,,,,,,,,,,50,,18.34,ok,,,,,,,,,,,10,50,0.4010461183998612,0.39126512247534767,-0.009780995924513536,,,,,,,,
1df9ace674e10ddc,C2b,loo,bio21,NVIDIA GeForce RTX 2060 SUPER,1,4,8,2e-05,16,8,,,,,,,,,,,50,,32.12,ok,,,,,,,,,,,10,50,0.37836754601341843,0.38651191154221876,0.008144365528800324,,,,,,,,
be44f7d7ea6bb2d5,C2b,loo,bio21,NVIDIA GeForce RTX 2060 SUPER,0,3,8,2e-05,16,8,,,,,,,,,,,50,,32.09,ok,,,,,,,,,,,11,50,0.40232524484561666,0.39167817573057745,-0.01064706911503921,,,,,,,,
d6a324724915ccfb,C2b,loo,bio21,NVIDIA GeForce RTX 2060 SUPER,0,5,8,2e-05,16,8,,,,,,,,,,,50,,16.64,ok,,,,,,,,,,,11,50,0.402084811156676,0.3798029189786043,-0.022281892178071694,,,,,,,,
311cd5825cda8315,C2b,loo,bio21,NVIDIA GeForce RTX 2060 SUPER,2,2,8,2e-05,16,8,,,,,,,,,,,50,,16.62,ok,,,,,,,,,,,11,50,0.5782669456230665,0.585845266436768,0.007578320813701578,,,,,,,,
de96b67382144ddf,C2b,loo,bio21,NVIDIA GeForce RTX 2060 SUPER,2,3,8,2e-05,16,8,,,,,,,,,,,50,,18.53,ok,,,,,,,,,,,11,50,0.5852532104394411,0.5720285813124719,-0.0132246291269692,,,,,,,,
8bdab0c07db8acac,C2b,loo,bio21,NVIDIA GeForce RTX 2060 SUPER,2,4,8,2e-05,16,8,,,,,,,,,,,50,,16.67,ok,,,,,,,,,,,11,50,0.5940775359584113,0.5821706824861304,-0.011906853472280932,,,,,,,,
1611e72cbc2ea07f,C2b,loo,bio21,NVIDIA GeForce RTX 2060 SUPER,3,5,8,2e-05,16,8,,,,,,,,,,,50,,16.55,ok,,,,,,,,,,,11,50,0.4639395117788375,0.44541707518910306,-0.01852243658973446,,,,,,,,
c8ee7ec20249ec05,C2b,loo,bio21,NVIDIA GeForce RTX 2060 SUPER,4,1,8,2e-05,16,8,,,,,,,,,,,50,,16.48,ok,,,,,,,,,,,11,50,0.41695771724453917,0.43285071093193866,0.015892993687399493,,,,,,,,
290446f393812480,C2b,loo,bio21,NVIDIA GeForce RTX 2060 SUPER,4,3,8,2e-05,16,8,,,,,,,,,,,50,,18.43,ok,,,,,,,,,,,11,50,0.4062225465906677,0.43046423041689497,0.024241683826227267,,,,,,,,
a4164a35918c01c0,C2b,loo,bio21,NVIDIA GeForce RTX 2060 SUPER,0,0,8,2e-05,16,8,,,,,,,,,,,50,,18.35,ok,,,,,,,,,,,12,50,0.3916953266341837,0.40413451424912394,0.012439187614940228,,,,,,,,
70d2e928702f3b13,C2b,loo,bio21,NVIDIA GeForce RTX 2060 SUPER,0,4,8,2e-05,16,8,,,,,,,,,,,50,,18.6,ok,,,,,,,,,,,12,50,0.4010461183998612,0.38372727870606077,-0.017318839693800436,,,,,,,,
f4134d59f4802b0e,C2b,loo,bio21,NVIDIA GeForce RTX 2060 SUPER,2,0,8,2e-05,16,8,,,,,,,,,,,50,,32.15,ok,,,,,,,,,,,12,50,0.5775120857063648,0.5920782953757052,0.014566209669340413,,,,,,,,
4886708c1995e960,C2b,loo,bio21,NVIDIA GeForce RTX 2060 SUPER,3,3,8,2e-05,16,8,,,,,,,,,,,50,,16.53,ok,,,,,,,,,,,12,50,0.44961173764225637,0.4735009610249923,0.023889223382735914,,,,,,,,
4605c95fa402c8a1,C2b,loo,bio21,NVIDIA GeForce RTX 2060 SUPER,0,0,8,2e-05,16,8,,,,,,,,,,,50,,16.86,ok,,,,,,,,,,,14,50,0.3916953266341837,0.4011641507429781,0.009468824108794405,,,,,,,,
45fa6a220f974b41,C2b,loo,bio21,NVIDIA GeForce RTX 2060 SUPER,1,3,8,2e-05,16,8,,,,,,,,,,,50,,18.47,ok,,,,,,,,,,,14,50,0.37791575764103064,0.3877339436583642,0.009818186017333586,,,,,,,,
1764b8d570d8cb2c,C2b,loo,bio21,NVIDIA GeForce RTX 2060 SUPER,3,5,8,2e-05,16,8,,,,,,,,,,,50,,16.55,ok,,,,,,,,,,,15,50,0.4639395117788375,0.46463477572492534,0.0006952639460878207,,,,,,,,
69974040a4054a6f,C2b,loo,bio21,NVIDIA GeForce RTX 2060 SUPER,4,1,8,2e-05,16,8,,,,,,,,,,,50,,18.36,ok,,,,,,,,,,,15,50,0.41695771724453917,0.4321613038397333,0.015203586595194107,,,,,,,,
540398690221d23c,C2b,loo,bio21,NVIDIA GeForce RTX 2060 SUPER,4,3,8,2e-05,16,8,,,,,,,,,,,50,,18.72,ok,,,,,,,,,,,15,50,0.4062225465906677,0.4317025931542146,0.02548004656354691,,,,,,,,
cc039af05627bc9c,C2b,loo,bio21,NVIDIA GeForce RTX 2060 SUPER,4,4,8,2e-05,16,8,,,,,,,,,,,50,,16.63,ok,,,,,,,,,,,15,50,0.42582242455815716,0.4377001436538902,0.011877719095733041,,,,,,,,
68d8e096f128bd43,C2b,loo,bio21,NVIDIA GeForce RTX 2060 SUPER,0,1,8,2e-05,16,8,,,,,,,,,,,50,,17.55,ok,,,,,,,,,,,16,50,0.4051938810779047,0.3991473290607289,-0.006046552017175799,,,,,,,,
01952ca4079aac81,C2b,loo,bio21,NVIDIA GeForce RTX 2060 SUPER,1,1,8,2e-05,16,8,,,,,,,,,,,50,,18.36,ok,,,,,,,,,,,16,50,0.38395641220978255,0.38317173826412254,-0.0007846739456600083,,,,,,,,
0d541f72164861dc,C2b,loo,bio21,NVIDIA GeForce RTX 2060 SUPER,3,1,8,2e-05,16,8,,,,,,,,,,,50,,18.23,ok,,,,,,,,,,,16,50,0.48070648536510413,0.452976390924646,-0.027730094440458153,,,,,,,,
710dc5dff8b0efbf,C2b,loo,bio21,NVIDIA GeForce RTX 2060 SUPER,4,0,8,2e-05,16,8,,,,,,,,,,,50,,16.97,ok,,,,,,,,,,,16,50,0.40799637669584854,0.41840120213471393,0.010404825438865395,,,,,,,,
0414a067987955f6,C2b,loo,bio21,NVIDIA GeForce RTX 2060 SUPER,3,2,8,2e-05,16,8,,,,,,,,,,,50,,18.43,ok,,,,,,,,,,,17,50,0.43261669634269967,0.4511347446645859,0.01851804832188625,,,,,,,,
3d557d05514a73a8,C2b,loo,bio21,NVIDIA GeForce RTX 2060 SUPER,3,1,8,2e-05,16,8,,,,,,,,,,,50,,16.62,ok,,,,,,,,,,,18,50,0.48070648536510413,0.45635467730287976,-0.024351808062224367,,,,,,,,
821e1f1ebca95073,C2b,loo,bio21,NVIDIA GeForce RTX 2060 SUPER,3,4,8,2e-05,16,8,,,,,,,,,,,50,,30.41,ok,,,,,,,,,,,18,50,0.4517669630550625,0.4458730587282205,-0.005893904326842003,,,,,,,,
7d778d3b39297cec,C2b,loo,bio21,NVIDIA GeForce RTX 2060 SUPER,1,5,8,2e-05,16,8,,,,,,,,,,,50,,34.72,ok,,,,,,,,,,,19,50,0.3741192479277448,0.39634160596116613,0.02222235803342132,,,,,,,,
8771278061c140b4,C2b,loo,bio21,NVIDIA GeForce RTX 2060 SUPER,2,1,8,2e-05,16,8,,,,,,,,,,,50,,18.51,ok,,,,,,,,,,,19,50,0.5938299800643771,0.5377406907841636,-0.056089289280213506,,,,,,,,
6ce9eed33c6cd6a3,C2b,loo,bio21,NVIDIA GeForce RTX 2060 SUPER,2,4,8,2e-05,16,8,,,,,,,,,,,50,,16.65,ok,,,,,,,,,,,19,50,0.5940775359584113,0.5864093203860524,-0.007668215572358861,,,,,,,,
f379d506c6f053d0,C2b,loo,bio21,NVIDIA GeForce RTX 2060 SUPER,3,2,8,2e-05,16,8,,,,,,,,,,,50,,18.48,ok,,,,,,,,,,,19,50,0.43261669634269967,0.4473914196568681,0.014774723314168403,,,,,,,,
7335eb0124af36f4,C2b,loo,bio21,NVIDIA GeForce RTX 2060 SUPER,0,2,8,2e-05,16,8,,,,,,,,,,,50,,18.66,ok,,,,,,,,,,,20,50,0.40569828794311535,0.39538759934520795,-0.010310688597907403,,,,,,,,
4c9d9d0cd3251ed2,C2b,loo,bio21,NVIDIA GeForce RTX 2060 SUPER,0,4,8,2e-05,16,8,,,,,,,,,,,50,,18.7,ok,,,,,,,,,,,20,50,0.4010461183998612,0.3983384765850618,-0.002707641814799433,,,,,,,,
9860ff8377e2142f,C2b,loo,bio21,NVIDIA GeForce RTX 2060 SUPER,0,5,8,2e-05,16,8,,,,,,,,,,,50,,18.64,ok,,,,,,,,,,,20,50,0.402084811156676,0.37618111282717387,-0.025903698329502123,,,,,,,,
f629531773db3e9d,C2b,loo,bio21,NVIDIA GeForce RTX 2060 SUPER,4,0,8,2e-05,16,8,,,,,,,,,,,50,,16.93,ok,,,,,,,,,,,20,50,0.40799637669584854,0.4229893952484755,0.014993018552626969,,,,,,,,
237a5b1962a7068c,C2b,loo,bio21,NVIDIA GeForce RTX 2060 SUPER,4,3,8,2e-05,16,8,,,,,,,,,,,50,,18.57,ok,,,,,,,,,,,20,50,0.4062225465906677,0.433475944298451,0.02725339770778329,,,,,,,,
a236a5a00edb0f4b,C2b,loo,bio21,NVIDIA GeForce RTX 2060 SUPER,0,1,8,2e-05,16,8,,,,,,,,,,,50,,16.78,ok,,,,,,,,,,,21,50,0.4051938810779047,0.4005461019375111,-0.004647779140393604,,,,,,,,
5018647bc98bf79b,C2b,loo,bio21,NVIDIA GeForce RTX 2060 SUPER,2,4,8,2e-05,16,8,,,,,,,,,,,50,,19.02,ok,,,,,,,,,,,21,50,0.5940775359584113,0.5736247240451476,-0.020452811913263647,,,,,,,,
4ab240db1bcfb86d,C2b,loo,bio21,NVIDIA GeForce RTX 2060 SUPER,1,0,8,2e-05,16,8,,,,,,,,,,,50,,18.73,ok,,,,,,,,,,,22,50,0.37665433257216135,0.3811668687114937,0.004512536139332335,,,,,,,,
7e55cd8f67980073,C2b,loo,bio21,NVIDIA GeForce RTX 2060 SUPER,0,5,8,2e-05,16,8,,,,,,,,,,,50,,19.04,ok,,,,,,,,,,,23,50,0.402084811156676,0.39050910553890805,-0.01157570561776794,,,,,,,,
02409aaaa60aad62,C2b,loo,bio21,NVIDIA GeForce RTX 2060 SUPER,0,0,8,2e-05,16,8,,,,,,,,,,,50,,18.96,ok,,,,,,,,,,,24,50,0.3916953266341837,0.4026068048949388,0.010911478260755059,,,,,,,,
6b219976bb9593cd,C2b,loo,bio21,NVIDIA GeForce RTX 2060 SUPER,0,2,8,2e-05,16,8,,,,,,,,,,,50,,16.92,ok,,,,,,,,,,,24,50,0.40569828794311535,0.39267303653580055,-0.013025251407314808,,,,,,,,
8e4ac248087e61fd,C2b,loo,bio21,NVIDIA GeForce RTX 2060 SUPER,1,1,8,2e-05,16,8,,,,,,,,,,,50,,16.61,ok,,,,,,,,,,,24,50,0.38395641220978255,0.3859218487276998,0.0019654365179172517,,,,,,,,
3a5966f4db04ae2a,C2b,loo,bio21,NVIDIA GeForce RTX 2060 SUPER,4,4,8,2e-05,16,8,,,,,,,,,,,50,,18.66,ok,,,,,,,,,,,26,50,0.42582242455815716,0.43188060496938896,0.006058180411231795,,,,,,,,
6e316046191f46a7,C2b,loo,bio21,NVIDIA GeForce RTX 2060 SUPER,0,3,8,2e-05,16,8,,,,,,,,,,,50,,17.06,ok,,,,,,,,,,,27,50,0.40232524484561666,0.39029355548432193,-0.012031689361294728,,,,,,,,
62078d69ec00b233,C2b,loo,bio21,NVIDIA GeForce RTX 2060 SUPER,0,4,8,2e-05,16,8,,,,,,,,,,,50,,17.05,ok,,,,,,,,,,,27,50,0.4010461183998612,0.38460397986373085,-0.016442138536130357,,,,,,,,
57acd6c9ad4c4b1c,C2b,loo,bio21,NVIDIA GeForce RTX 2060 SUPER,0,5,8,2e-05,16,8,,,,,,,,,,,50,,18.79,ok,,,,,,,,,,,27,50,0.402084811156676,0.39040612655806256,-0.011678684598613431,,,,,,,,
795b260b19f57fa1,C2b,loo,bio21,NVIDIA GeForce RTX 2060 SUPER,3,0,8,2e-05,16,8,,,,,,,,,,,50,,18.5,ok,,,,,,,,,,,27,50,0.43243213009001225,0.48549014912799204,0.0530580190379798,,,,,,,,
12fc8bfaad001347,C2b,loo,bio21,NVIDIA GeForce RTX 2060 SUPER,3,2,8,2e-05,16,8,,,,,,,,,,,50,,17.08,ok,,,,,,,,,,,27,50,0.43261669634269967,0.451937007838185,0.019320311495485354,,,,,,,,
b610e0bfaae5e656,C2b,loo,bio21,NVIDIA GeForce RTX 2060 SUPER,0,1,8,2e-05,16,8,,,,,,,,,,,50,,18.41,ok,,,,,,,,,,,28,50,0.4051938810779047,0.3899842620018792,-0.015209619076025527,,,,,,,,
0599b4ba73e351aa,C2b,loo,bio21,NVIDIA GeForce RTX 2060 SUPER,1,0,8,2e-05,16,8,,,,,,,,,,,50,,16.84,ok,,,,,,,,,,,28,50,0.37665433257216135,0.4077656310032581,0.031111298431096723,,,,,,,,
b98ffc8914f910a6,C2b,loo,bio21,NVIDIA GeForce RTX 2060 SUPER,2,4,8,2e-05,16,8,,,,,,,,,,,50,,17.0,ok,,,,,,,,,,,29,50,0.5940775359584113,0.5826591089832424,-0.011418426975168927,,,,,,,,
621c9aae573844d3,C2b,loo,bio21,NVIDIA GeForce RTX 2060 SUPER,3,2,8,2e-05,16,8,,,,,,,,,,,50,,18.99,ok,,,,,,,,,,,29,50,0.43261669634269967,0.4512395851877018,0.018622888845002128,,,,,,,,
2a9a06bb0ff8e383,C3,selection,bio21,NVIDIA GeForce RTX 2060 SUPER,0,0,20,5.814258572664276e-05,16,4,,0.3647126530415015,19,20,509.590211391449,0.39887953477334814,0.4586275883163104,0.7248569607591813,,,2940,75,518.38,ok,head,1000.0,0.01,100,,,,,,,,,,,,target_alignment,0.25,2.3772520761368482e-06,0.19053262588171102,3015,,,
2e7081540ebc14ab,C3,selection,bio21,NVIDIA GeForce RTX 2060 SUPER,0,0,20,5.814258572664276e-05,16,4,,0.3954315511695359,8,12,314.08537197113037,0.41925592350396873,0.48107888137345156,0.7108015354105707,,,2940,150,324.3,ok,head,1000.0,0.01,100,,,,,,,,,,,,clustering,0.5,2.3772520761368482e-06,0.19053262588171102,3090,,,
7426bc5941fb2d8f,C3,selection,bio21,NVIDIA GeForce RTX 2060 SUPER,0,0,20,5.814258572664276e-05,16,4,,0.4138116411798333,7,11,277.06010031700134,0.4379463324352498,0.4854780018240923,0.6979090817505239,,,2940,30,292.15,ok,head,1000.0,0.01,100,,0.015324553204506325,0.20052300548570573,,,,,,,,,influence_top,0.1,2.3772520761368482e-06,0.19053262588171102,2970,,,
b5b0cd4e3936c337,C3,selection,bio21,NVIDIA GeForce RTX 2060 SUPER,0,0,20,5.814258572664276e-05,16,4,,0.4531956362379558,3,7,178.75355625152588,0.4552269211814188,0.5015618558141536,0.6859891076907032,,,2940,75,192.51,ok,head,1000.0,0.01,100,,0.015324553204506325,0.20052300548570573,,,,,,,,,influence_top,0.25,2.3772520761368482e-06,0.19053262588171102,3015,,,
bded44754544d393,C3,selection,bio21,NVIDIA GeForce RTX 2060 SUPER,0,0,20,5.814258572664276e-05,16,4,,0.3912347204106031,9,13,324.29369926452637,0.42324232293266395,0.47808665132504846,0.7080517576987051,,,2940,0,331.01,ok,,,,,,,,,,,,,,,,none,1.0,2.3772520761368482e-06,0.19053262588171102,2940,,,
e1848038dd44798f,C3,selection,bio21,NVIDIA GeForce RTX 2060 SUPER,0,1,20,5.814258572664276e-05,16,4,,0.37716155494802905,12,16,403.1587166786194,0.43718470310401114,0.48512751535911647,0.698434445903616,,,2940,30,411.23,ok,head,1000.0,0.01,100,,,,,,,,,,,,random,0.1,2.3772520761368482e-06,0.19053262588171102,2970,,,
f4e26a71248d24ab,C3,selection,bio21,NVIDIA GeForce RTX 2060 SUPER,0,1,20,5.814258572664276e-05,16,4,,0.3859730509688522,11,15,392.9333460330963,0.42741174804097337,0.4872312077631553,0.7051757307377353,,,2940,150,399.34,ok,head,1000.0,0.01,100,,,,,,,,,,,,random,0.5,2.3772520761368482e-06,0.19053262588171102,3090,,,
466350dd39f463bf,C3,selection,bio21,NVIDIA GeForce RTX 2060 SUPER,1,0,20,5.814258572664276e-05,16,4,,0.374880590266115,12,16,403.1953880786896,0.3782955249465914,0.4614955103645722,0.736345851915903,,,2940,30,410.8,ok,head,1000.0,0.01,100,,,,,,,,,,,,target_alignment,0.1,2.3772520761368482e-06,0.19053262588171102,2970,,,
8c08ecd43719f613,C3,selection,bio21,NVIDIA GeForce RTX 2060 SUPER,1,0,20,5.814258572664276e-05,16,4,,0.42189093698735947,3,7,183.23302602767944,0.4222130387805769,0.49490176447933276,0.705737415039718,,,2940,150,190.69,ok,head,1000.0,0.01,100,,,,,,,,,,,,target_alignment,0.5,2.3772520761368482e-06,0.19053262588171102,3090,,,
c72650ff1a6869b3,C3,selection,bio21,NVIDIA GeForce RTX 2060 SUPER,1,0,20,5.814258572664276e-05,16,4,,0.40321839558856026,10,14,366.64790201187134,0.3658253709629838,0.45370931621818317,0.7450369614009802,,,2940,150,379.72,ok,head,1000.0,0.01,100,,-0.12204401446317206,0.313845667687311,,,,,,,,,influence_bottom,0.5,2.3772520761368482e-06,0.19053262588171102,3090,,,
65599e3b0712a217,C3,selection,bio21,NVIDIA GeForce RTX 2060 SUPER,2,0,20,5.814258572664276e-05,16,4,,0.4008667902134715,13,17,428.294287443161,0.4101304400603406,0.4861963759664269,0.7207128588412757,,,2940,30,437.26,ok,head,1000.0,0.01,100,,,,,,,,,,,,target_alignment,0.1,2.3772520761368482e-06,0.19053262588171102,2970,,,
06b3ffeeba95ac17,C3,selection,bio21,NVIDIA GeForce RTX 2060 SUPER,2,0,20,5.814258572664276e-05,16,4,,0.3753809270458719,13,17,445.22364616394043,0.4087885838883439,0.48613388408529795,0.7216266246521432,,,2940,150,459.03,ok,head,1000.0,0.01,100,,-0.026228029108800305,0.18101751693918233,,,,,,,,,influence_bottom,0.5,2.3772520761368482e-06,0.19053262588171102,3090,,,
7fc7ea4b73996c47,C3,selection,bio21,NVIDIA GeForce RTX 2060 SUPER,2,2,20,5.814258572664276e-05,16,4,,0.4473443620933052,7,11,277.21378779411316,0.4470884588571266,0.5004118587733024,0.6955455013266125,,,2940,30,284.27,ok,head,1000.0,0.01,100,,,,,,,,,,,,clustering,0.1,2.3772520761368482e-06,0.19053262588171102,2970,,,
87cac8ab666985af,C3,selection,bio21,NVIDIA GeForce RTX 2060 SUPER,2,2,20,5.814258572664276e-05,16,4,,0.4105451139765375,8,12,302.49737882614136,0.4448900513753752,0.5016396445443942,0.6970425541681181,,,2940,30,317.18,ok,head,1000.0,0.01,100,,-0.0418812366053074,0.17755111965041181,,,,,,,,,influence_top,0.1,2.3772520761368482e-06,0.19053262588171102,2970,,,
1f9213bb6c1686cf,C3,selection,bio21,NVIDIA GeForce RTX 2060 SUPER,3,0,20,5.814258572664276e-05,16,4,,0.44442298514066314,18,20,524.1446273326874,0.4319382777314013,0.4906470281581971,0.7118300801496455,,,2940,150,532.97,ok,head,1000.0,0.01,100,,,,,,,,,,,,clustering,0.5,2.3772520761368482e-06,0.19053262588171102,3090,,,
74d226df7bf73d13,C3,selection,bio21,NVIDIA GeForce RTX 2060 SUPER,3,0,20,5.814258572664276e-05,16,4,,0.4245683007273009,8,12,299.5908806324005,0.4187424790232379,0.485299120249138,0.7206337274579249,,,2940,0,305.87,ok,,,,,,,,,,,,,,,,none,1.0,2.3772520761368482e-06,0.19053262588171102,2940,,,
7333fc5e52686f7b,C3,selection,bio21,NVIDIA GeForce RTX 2060 SUPER,3,1,20,5.814258572664276e-05,16,4,,0.43490200237773113,5,9,235.2850043773651,0.4484067892460516,0.5151258210075044,0.7008430250820636,,,2940,150,242.23,ok,head,1000.0,0.01,100,,,,,,,,,,,,target_alignment,0.5,2.3772520761368482e-06,0.19053262588171102,3090,,,
f356f06bfc85c387,C3,selection,bio21,NVIDIA GeForce RTX 2060 SUPER,3,2,20,5.814258572664276e-05,16,4,,0.43817269684510185,9,13,331.1692650318146,0.4054316430997635,0.47275550793412896,0.7295141224563837,,,2940,75,346.45,ok,head,1000.0,0.01,100,,-0.12383339079877866,0.2833320338849221,,,,,,,,,influence_bottom,0.25,2.3772520761368482e-06,0.19053262588171102,3015,,,
0351b562d4c593bb,C3,selection,bio21,NVIDIA GeForce RTX 2060 SUPER,4,0,20,5.814258572664276e-05,16,4,,0.4343757513782513,2,6,152.9838502407074,0.4584394904146163,0.5110807750784304,0.6853030373300624,,,2940,75,168.06,ok,head,1000.0,0.01,100,,-0.03138159756731814,0.20591032941083173,,,,,,,,,influence_top,0.25,2.3772520761368482e-06,0.19053262588171102,3015,,,
900b46a8576725e7,C3,selection,bio21,NVIDIA GeForce RTX 2060 SUPER,4,1,20,5.814258572664276e-05,16,4,,0.3964389447119274,17,20,510.487277507782,0.45140511269185474,0.5010553586341085,0.6901318039392044,,,2940,75,518.84,ok,head,1000.0,0.01,100,,,,,,,,,,,,clustering,0.25,2.3772520761368482e-06,0.19053262588171102,3015,,,
c901693deb4d9093,C3,selection,bio21,NVIDIA GeForce RTX 2060 SUPER,4,2,20,5.814258572664276e-05,16,4,,0.3888894674005409,15,19,478.0573699474335,0.4527646595504127,0.503756712959148,0.6891985395151281,,,2940,30,485.75,ok,head,1000.0,0.01,100,,,,,,,,,,,,random,0.1,2.3772520761368482e-06,0.19053262588171102,2970,,,
043a903411640983,C3,selection,bio21,NVIDIA GeForce RTX 2060 SUPER,4,2,20,5.814258572664276e-05,16,4,,0.4354514062412588,9,13,332.25242829322815,0.4668452280283988,0.5024510076979086,0.6795328972104462,,,2940,75,338.5,ok,head,1000.0,0.01,100,,,,,,,,,,,,random,0.25,2.3772520761368482e-06,0.19053262588171102,3015,,,
1612e1c23cd25123,D,peft,bio21,NVIDIA GeForce RTX 2060 SUPER,0,0,20,9.907721576860013e-05,16,4,,0.4165254472400121,6,10,261.3574392795563,0.46866787066495114,0.506182396740076,0.676717677675416,44375809,44375809,,150,275.03,ok,head,1000.0,0.01,100,,,,,,,,,,,,influence_top,0.5,,0.19053262588171102,3090,full,,
974f43bb7ed50aab,D,peft,bio21,NVIDIA GeForce RTX 2060 SUPER,0,1,20,0.0004136311584697767,16,4,,0.3929760150186427,3,7,133.78735852241516,0.4108937878861814,0.47020561531341326,0.7165696513650011,75265,44375809,,150,141.12,ok,head,1000.0,0.01,100,,,,,,,,,,,,target_alignment,0.5,,0.19053262588171102,3090,bitfit,,
6b7979a5b5cb583f,D,peft,bio21,NVIDIA GeForce RTX 2060 SUPER,0,1,20,2.545932169751622e-05,16,4,,0.3732927939475797,7,11,249.6332404613495,0.4023143694877472,0.4632107523380823,0.7224876467678114,738049,45113089,,150,258.69,ok,head,1000.0,0.01,100,,,,,,,,,,,,target_alignment,0.5,,0.19053262588171102,3090,lora,,
4f78c20df595e307,D,peft,bio21,NVIDIA GeForce RTX 2060 SUPER,0,1,20,2.545932169751622e-05,16,4,,0.3830729201656827,7,11,249.54607725143433,0.40557097415614,0.463551914370397,0.7202412740463415,738049,45113089,,150,263.03,ok,head,1000.0,0.01,100,,,,,,,,,,,,influence_top,0.5,,0.19053262588171102,3090,lora,,
794fe35c877a4b4b,D,peft,bio21,NVIDIA GeForce RTX 2060 SUPER,0,1,20,0.0003280333924688461,16,4,,0.377646302778358,7,11,223.10972666740417,0.40427730058142863,0.46332817585872754,0.7211336368980328,46849,44421889,,150,230.1,ok,head,1000.0,0.01,100,,,,,,,,,,,,target_alignment,0.5,,0.19053262588171102,3090,ia3,,
f7e866231429202b,D,peft,bio21,NVIDIA GeForce RTX 2060 SUPER,0,2,20,0.0004136311584697767,16,4,,0.3962997683715201,4,8,152.5688602924347,0.42424105721136535,0.4770998328015031,0.7073628409685148,75265,44375809,,150,162.16,ok,head,1000.0,0.01,100,,,,,,,,,,,,target_alignment,0.5,,0.19053262588171102,3090,bitfit,,
16ba2b3014c9385f,D,peft,bio21,NVIDIA GeForce RTX 2060 SUPER,0,2,20,2.545932169751622e-05,16,4,,0.37842114851183933,5,9,204.1069757938385,0.4126607853852644,0.4703187987452284,0.715350794492575,738049,45113089,,150,211.24,ok,head,1000.0,0.01,100,,,,,,,,,,,,random,0.5,,0.19053262588171102,3090,lora,,
fa75fb3237624a07,D,peft,bio21,NVIDIA GeForce RTX 2060 SUPER,1,0,20,0.0004136311584697767,16,4,,0.4135219326463099,2,6,114.41074061393738,0.37581535063398297,0.46144001835158893,0.7380744164966845,75265,44375809,,150,127.87,ok,head,1000.0,0.01,100,,,,,,,,,,,,influence_top,0.5,,0.19053262588171102,3090,bitfit,,
a232b83fc62050f7,D,peft,bio21,NVIDIA GeForce RTX 2060 SUPER,1,0,20,9.907721576860013e-05,16,4,,0.3926515806043184,7,11,287.2599093914032,0.3980258367677607,0.4768803669028871,0.7225947546609766,44375809,44375809,,150,296.82,ok,head,1000.0,0.01,100,,,,,,,,,,,,clustering,0.5,,0.19053262588171102,3090,full,,
3f04ab0164ae61af,D,peft,bio21,NVIDIA GeForce RTX 2060 SUPER,1,1,20,0.0004136311584697767,16,4,,0.3693484401645776,5,9,163.79324460029602,0.3704326413649392,0.4530403163372761,0.741825911116967,75265,44375809,,0,170.05,ok,head,1000.0,0.01,100,,,,,,,,,,,,none,0.5,,0.19053262588171102,2940,bitfit,,
f24cac3e8ea2c59b,D,peft,bio21,NVIDIA GeForce RTX 2060 SUPER,1,1,20,2.545932169751622e-05,16,4,,0.3876624945675582,3,7,158.83930230140686,0.38080798682676026,0.4607512355150123,0.7345947844225638,738049,45113089,,150,165.85,ok,head,1000.0,0.01,100,,,,,,,,,,,,random,0.5,,0.19053262588171102,3090,lora,,
ed60f2600f9c382b,D,peft,bio21,NVIDIA GeForce RTX 2060 SUPER,1,1,20,0.0003280333924688461,16,4,,0.37470726517318326,5,9,173.98273539543152,0.368369124875385,0.4484511327885446,0.7432640848362775,46849,44421889,,0,182.48,ok,head,1000.0,0.01,100,,,,,,,,,,,,none,0.5,,0.19053262588171102,2940,ia3,,
d428ea86b5d3be0f,D,peft,bio21,NVIDIA GeForce RTX 2060 SUPER,1,1,20,9.907721576860013e-05,16,4,,0.40827865784904227,11,15,392.06772327423096,0.41083294246679847,0.48512037319485984,0.7136688057141063,44375809,44375809,,150,400.02,ok,head,1000.0,0.01,100,,,,,,,,,,,,target_alignment,0.5,,0.19053262588171102,3090,full,,
7c416caed27d10ef,D,peft,bio21,NVIDIA GeForce RTX 2060 SUPER,1,2,20,9.907721576860013e-05,16,4,,0.39017165608051685,11,15,392.0994908809662,0.40365545633805755,0.48206882682251967,0.7186711752000414,44375809,44375809,,150,399.92,ok,head,1000.0,0.01,100,,,,,,,,,,,,target_alignment,0.5,,0.19053262588171102,3090,full,,
9d34e06e709a8ca3,D,peft,bio21,NVIDIA GeForce RTX 2060 SUPER,2,0,20,0.0004136311584697767,16,4,,0.48879708990583604,4,8,145.5776219367981,0.5688401013099532,0.5756216703448445,0.6126361026801079,75265,44375809,,0,154.94,ok,head,1000.0,0.01,100,,,,,,,,,,,,none,0.5,,0.19053262588171102,2940,bitfit,,
1cd7d5c28e593453,D,peft,bio21,NVIDIA GeForce RTX 2060 SUPER,2,0,20,0.0004136311584697767,16,4,,0.5223989794826642,1,5,95.4131851196289,0.5734870089431229,0.5776040173213308,0.6094716910165755,75265,44375809,,150,105.93,ok,head,1000.0,0.01,100,,,,,,,,,,,,clustering,0.5,,0.19053262588171102,3090,bitfit,,
bfdc31fd26a6906f,D,peft,bio21,NVIDIA GeForce RTX 2060 SUPER,2,1,20,2.545932169751622e-05,16,4,,0.5009335657001767,3,7,151.45046162605286,0.5699437641884291,0.5775469875550785,0.6118845397137327,738049,45113089,,0,157.94,ok,head,1000.0,0.01,100,,,,,,,,,,,,none,0.5,,0.19053262588171102,2940,lora,,
b509b0184c49088b,D,peft,bio21,NVIDIA GeForce RTX 2060 SUPER,2,1,20,2.545932169751622e-05,16,4,,0.48842260802731724,11,15,340.6127963066101,0.5465947905160113,0.5668738394975662,0.627784525350011,738049,45113089,,150,356.12,ok,head,1000.0,0.01,100,,,,,,,,,,,,influence_top,0.5,,0.19053262588171102,3090,lora,,
4a9d1aa66aa692df,D,peft,bio21,NVIDIA GeForce RTX 2060 SUPER,2,1,20,0.0003280333924688461,16,4,,0.48712029833251974,7,11,223.2428674697876,0.5531355712858282,0.5724296609848916,0.6233304400549049,46849,44421889,,150,231.87,ok,head,1000.0,0.01,100,,,,,,,,,,,,random,0.5,,0.19053262588171102,3090,ia3,,
19869a63415de73b,D,peft,bio21,NVIDIA GeForce RTX 2060 SUPER,2,1,20,9.907721576860013e-05,16,4,,0.39313719640730294,15,19,497.0842583179474,0.425127881837898,0.48991166521085516,0.7105000284107128,44375809,44375809,,150,505.17,ok,head,1000.0,0.01,100,,,,,,,,,,,,random,0.5,,0.19053262588171102,3090,full,,
950627c930d64433,D,peft,bio21,NVIDIA GeForce RTX 2060 SUPER,3,1,20,0.0003280333924688461,16,4,,0.42288578950922817,5,9,182.6244523525238,0.4264184100026141,0.4941001445188054,0.715512689269966,46849,44421889,,150,191.6,ok,head,1000.0,0.01,100,,,,,,,,,,,,target_alignment,0.5,,0.19053262588171102,3090,ia3,,
42bf40ea3e982fe3,D,peft,bio21,NVIDIA GeForce RTX 2060 SUPER,3,2,20,2.545932169751622e-05,16,4,,0.42327229762424945,6,10,227.01328921318054,0.4303686218317377,0.4947595147560129,0.7128772844334945,738049,45113089,,150,235.25,ok,head,1000.0,0.01,100,,,,,,,,,,,,target_alignment,0.5,,0.19053262588171102,3090,lora,,
64879a70a942b467,D,peft,bio21,NVIDIA GeForce RTX 2060 SUPER,3,2,20,0.0003280333924688461,16,4,,0.42678659628924664,6,10,202.98051381111145,0.4360707050344864,0.49845165173257033,0.7090731092903554,46849,44421889,,150,211.54,ok,head,1000.0,0.01,100,,,,,,,,,,,,target_alignment,0.5,,0.19053262588171102,3090,ia3,,
fff1003785cfca1f,D,peft,bio21,NVIDIA GeForce RTX 2060 SUPER,4,0,20,0.0004136311584697767,16,4,,0.4096892979716485,5,9,172.01973342895508,0.4452630018952742,0.49434074713138954,0.6943480716309732,75265,44375809,,150,182.72,ok,head,1000.0,0.01,100,,,,,,,,,,,,clustering,0.5,,0.19053262588171102,3090,bitfit,,
8ba1af442eca835b,D,peft,bio21,NVIDIA GeForce RTX 2060 SUPER,4,1,20,2.545932169751622e-05,16,4,,0.4260871591178678,3,7,158.94172263145447,0.45586769527856963,0.49756283169346194,0.6870684526898763,738049,45113089,,150,167.91,ok,head,1000.0,0.01,100,,,,,,,,,,,,random,0.5,,0.19053262588171102,3090,lora,,
ed3affc8282569cf,D,peft,bio21,NVIDIA GeForce RTX 2060 SUPER,4,2,20,2.545932169751622e-05,16,4,,0.4239592409911166,3,7,151.4850835800171,0.42821885208682997,0.48206751673216264,0.7060480719323385,738049,45113089,,0,160.19,ok,head,1000.0,0.01,100,,,,,,,,,,,,none,0.5,,0.19053262588171102,2940,lora,,
cb168a9e2a675123,D,peft,bio21,NVIDIA GeForce RTX 2060 SUPER,4,2,20,0.0003280333924688461,16,4,,0.42166113781129005,1,5,101.4927122592926,0.44747607166542297,0.49722801394583216,0.6928289042175975,46849,44421889,,150,109.63,ok,head,1000.0,0.01,100,,,,,,,,,,,,random,0.5,,0.19053262588171102,3090,ia3,,
ee3057591eff1b2f,D,peft,bio21,NVIDIA GeForce RTX 2060 SUPER,4,2,20,0.0003280333924688461,16,4,,0.4322018266692422,8,12,243.5678825378418,0.4349209108415871,0.4859894383454784,0.7014474265301502,46849,44421889,,150,257.59,ok,head,1000.0,0.01,100,,,,,,,,,,,,influence_top,0.5,,0.19053262588171102,3090,ia3,,
05f1fb14f859229b,F1,baseline,bio21,NVIDIA GeForce RTX 2060 SUPER,1,0,20,3e-05,64,3,True,0.6567295547399009,10,13,238.89015436172485,0.6340597239983605,0.6001749586846147,0.5580902618691372,44104705,44104705,2940,0,244.14,ok,,,,,,,,,,,,,,,,,,,,,,seyonec/ChemBERTa-zinc-base-v1,
6f25a65c306b0b33,F2,selection,bio21,NVIDIA GeForce RTX 2060 SUPER,0,0,15,2e-05,64,3,,0.6394970325196524,1,4,74.37475109100342,0.6895070560067671,0.6279155657737561,0.5243850575700999,,,2940,150,85.99,ok,head,1000.0,0.01,100,,-0.07764891945892789,0.21020594804748396,,,,,,,,,influence_bottom,0.5,,,3090,,seyonec/ChemBERTa-zinc-base-v1,
a05b578dd67885d3,F2,selection,bio21,NVIDIA GeForce RTX 2060 SUPER,0,1,15,2e-05,64,3,,0.6368692754838405,4,7,132.83142924308777,0.6514519060047257,0.6156197842809239,0.5506351123298071,,,2940,150,140.86,ok,head,1000.0,0.01,100,,,,,,,,,,,,random,0.5,,,3090,,seyonec/ChemBERTa-zinc-base-v1,
f55ab68471ce7df7,F2,selection,bio21,NVIDIA GeForce RTX 2060 SUPER,2,0,15,2e-05,64,3,,0.6330674492805688,1,4,72.73461747169495,0.7294243632473467,0.6465896099672785,0.5032827968757889,,,2940,0,79.08,ok,head,1000.0,0.01,100,,,,,,,,,,,,none,0.5,,,2940,,seyonec/ChemBERTa-zinc-base-v1,
c57b16fd3507e383,F2,selection,bio21,NVIDIA GeForce RTX 2060 SUPER,2,0,15,2e-05,64,3,,0.6205699821755545,4,7,133.72649836540222,0.755437257274122,0.6562017233687497,0.48556875739865557,,,2940,150,143.07,ok,head,1000.0,0.01,100,,-0.03172363779461496,0.15726604372051464,,,,,,,,,influence_top,0.5,,,3090,,seyonec/ChemBERTa-zinc-base-v1,
65a45b8bc53e06eb,F2,selection,bio21,NVIDIA GeForce RTX 2060 SUPER,2,1,15,2e-05,64,3,,0.6146683111161738,5,8,145.77216291427612,0.7356692017497031,0.6401902671238141,0.4990302398306097,,,2940,0,152.13,ok,head,1000.0,0.01,100,,,,,,,,,,,,none,0.5,,,2940,,seyonec/ChemBERTa-zinc-base-v1,
2f9ea8b3d646cd53,F2,selection,bio21,NVIDIA GeForce RTX 2060 SUPER,4,2,15,2e-05,64,3,,0.7029223253449114,1,4,76.46122765541077,0.7255113555110091,0.6562240081684043,0.5019708713239934,,,2940,150,87.66,ok,head,1000.0,0.01,100,,-0.04026080282375915,0.16612627554653922,,,,,,,,,influence_bottom,0.5,,,3090,,seyonec/ChemBERTa-zinc-base-v1,
